Batch_ID,SKU_ID,Mfg_Date,Expiry_Date,Qty_On_Hand,Cost_Price
B-2024-0000,Augmentin,2024-09-03,2026-09-03,38,44.59
B-2023-0001,Metformin,2025-01-24,2027-01-24,51,498.67
B-2023-0002,Ibuprofen,2025-02-10,2027-02-10,26,421.19
B-2024-0003,Paracetamol,2025-10-15,2027-10-15,29,314.27
B-2024-0004,Amoxicillin,2025-04-01,2027-04-01,78,395.83
B-2023-0005,Aspirin,2025-02-10,2027-02-10,59,342.91
B-2023-0006,Metformin,2025-06-27,2027-06-27,17,26.68
B-2024-0007,Aspirin,2025-05-16,2027-05-16,67,181.77
B-2024-0008,Domperidone,2025-05-10,2027-05-10,68,286.08
B-2023-0009,Domperidone,2025-03-15,2027-03-15,39,208.56
B-2023-0010,Pan 40,2025-10-15,2027-10-15,72,174.13
B-2023-0011,Cetirizine,2025-04-01,2027-04-01,15,178.69
B-2024-0012,Pantoprazole,2024-12-04,2026-12-04,32,95.9
B-2024-0013,Dolo 650,2025-03-08,2027-03-08,55,92.25
B-2024-0014,Amoxicillin,2023-12-16,2025-12-15,62,109.54
B-2023-0015,Cipcal 500,2024-08-04,2026-08-04,46,208.11
B-2023-0016,Domperidone,2025-11-20,2027-11-20,65,122.64
B-2024-0017,Atorvastatin,2024-01-16,2026-01-15,71,193.92
B-2023-0018,Azithral,2025-11-27,2027-11-27,12,115.55
B-2023-0019,Cetirizine,2025-05-12,2027-05-12,65,208.94
B-2023-0020,Paracetamol,2025-03-28,2027-03-28,16,215.33
B-2023-0021,Domperidone,2025-11-14,2027-11-14,59,12.26
B-2023-0022,Paracetamol,2025-01-30,2027-01-30,21,492.5
B-2023-0023,Azithral,2025-06-14,2027-06-14,33,444.23
B-2023-0024,Dolo 650,2024-12-19,2026-12-19,68,319.83
B-2023-0025,Augmentin,2024-05-05,2026-05-05,92,379.22
B-2023-0026,Ibuprofen,2024-12-09,2026-12-09,78,139.44
B-2023-0027,Augmentin,2024-03-16,2026-03-16,60,470.83
B-2023-0028,Azithral,2025-10-29,2027-10-29,66,116.99
B-2023-0029,Cipcal 500,2024-08-31,2026-08-31,94,144.44
B-2024-0030,Telmisartan,2024-05-06,2026-05-06,51,425.7
B-2024-0031,Augmentin,2024-10-23,2026-10-23,91,167.52
B-2023-0032,Domperidone,2024-10-21,2026-10-21,43,444.92
B-2023-0033,Dolo 650,2024-07-03,2026-07-03,59,419.94
B-2024-0034,Pan 40,2025-04-26,2027-04-26,86,209.11
B-2024-0035,Metformin,2024-05-15,2026-05-15,58,424.13
B-2024-0036,Telmisartan,2025-08-29,2027-08-29,78,333.86
B-2023-0037,Aspirin,2024-10-24,2026-10-24,12,51.99
B-2024-0038,Augmentin,2024-08-17,2026-08-17,40,71.49
B-2023-0039,Augmentin,2023-12-13,2025-12-12,22,122.4
B-2023-0040,Cetirizine,2024-08-14,2026-08-14,47,89.22
B-2023-0041,Ibuprofen,2025-05-19,2027-05-19,52,472.14
B-2024-0042,Telmisartan,2024-02-24,2026-02-23,53,422.45
B-2024-0043,Cipcal 500,2024-01-31,2026-01-30,55,389.96
B-2023-0044,Pantoprazole,2025-06-05,2027-06-05,10,75.32
B-2024-0045,Aspirin,2024-07-02,2026-07-02,61,320.42
B-2023-0046,Paracetamol,2025-05-23,2027-05-23,22,112.17
B-2023-0047,Cipcal 500,2024-10-07,2026-10-07,72,341.39
B-2024-0048,Cipcal 500,2025-05-10,2027-05-10,62,483.38
B-2023-0049,Metformin,2025-09-20,2027-09-20,55,463.23
B-2023-0050,Paracetamol,2025-12-03,2027-12-03,80,485.15
B-2024-0051,Paracetamol,2024-02-21,2026-02-20,53,140.83
B-2024-0052,Pan 40,2024-11-01,2026-11-01,54,166.91
B-2024-0053,Amoxicillin,2024-12-19,2026-12-19,40,483.12
B-2023-0054,Aspirin,2024-08-11,2026-08-11,51,173.51
B-2024-0055,Pantoprazole,2024-07-01,2026-07-01,11,147.26
B-2023-0056,Dolo 650,2024-01-04,2026-01-03,23,494.85
B-2023-0057,Cipcal 500,2025-01-29,2027-01-29,60,89.83
B-2023-0058,Augmentin,2025-03-06,2027-03-06,72,425.93
B-2023-0059,Ibuprofen,2025-03-31,2027-03-31,80,37.48
B-2024-0060,Aspirin,2025-01-20,2027-01-20,20,411.13
B-2024-0061,Dolo 650,2024-12-30,2026-12-30,42,374.05
B-2023-0062,Domperidone,2024-04-02,2026-04-02,98,305.79
B-2023-0063,Pantoprazole,2024-11-22,2026-11-22,65,106.28
B-2024-0064,Domperidone,2025-10-30,2027-10-30,13,267.58
B-2023-0065,Augmentin,2025-03-24,2027-03-24,48,344.89
B-2023-0066,Amoxicillin,2024-03-10,2026-03-10,49,97.18
B-2024-0067,Ibuprofen,2024-02-28,2026-02-27,34,32.11
B-2024-0068,Augmentin,2025-09-18,2027-09-18,33,404.17
B-2024-0069,Metformin,2024-11-15,2026-11-15,56,361.27
B-2024-0070,Cipcal 500,2024-04-14,2026-04-14,11,87.51
B-2024-0071,Cetirizine,2024-08-18,2026-08-18,82,41.52
B-2024-0072,Cipcal 500,2024-08-03,2026-08-03,97,37.59
B-2024-0073,Atorvastatin,2025-10-05,2027-10-05,14,151.87
B-2024-0074,Azithral,2024-03-26,2026-03-26,97,22.72
B-2023-0075,Aspirin,2025-07-04,2027-07-04,58,44.48
B-2023-0076,Domperidone,2024-07-05,2026-07-05,63,269.47
B-2024-0077,Pan 40,2024-04-11,2026-04-11,21,454.12
B-2024-0078,Telmisartan,2024-08-09,2026-08-09,63,362.21
B-2023-0079,Aspirin,2024-09-04,2026-09-04,39,226.67
B-2023-0080,Telmisartan,2024-11-28,2026-11-28,14,129.74
B-2024-0081,Cetirizine,2024-04-15,2026-04-15,85,249.17
B-2024-0082,Ibuprofen,2025-09-25,2027-09-25,46,355.76
B-2024-0083,Amoxicillin,2024-01-27,2026-01-26,96,338.55
B-2023-0084,Dolo 650,2024-08-30,2026-08-30,30,59.34
B-2023-0085,Pan 40,2025-03-17,2027-03-17,46,355.29
B-2023-0086,Augmentin,2025-01-03,2027-01-03,57,416.16
B-2023-0087,Pantoprazole,2025-09-11,2027-09-11,10,355.39
B-2023-0088,Telmisartan,2025-11-08,2027-11-08,89,187.46
B-2023-0089,Amoxicillin,2025-09-04,2027-09-04,96,100.18
B-2024-0090,Paracetamol,2025-04-23,2027-04-23,58,470.31
B-2024-0091,Aspirin,2024-01-09,2026-01-08,17,366.82
B-2023-0092,Atorvastatin,2024-02-09,2026-02-08,25,69.71
B-2023-0093,Ibuprofen,2024-03-25,2026-03-25,29,285.8
B-2023-0094,Dolo 650,2025-07-17,2027-07-17,40,242.7
B-2023-0095,Pantoprazole,2025-09-19,2027-09-19,49,148.79
B-2023-0096,Amoxicillin,2025-11-03,2027-11-03,94,188.08
B-2023-0097,Pan 40,2025-09-03,2027-09-03,88,100.33
B-2023-0098,Dolo 650,2024-04-19,2026-04-19,89,366.21
B-2023-0099,Metformin,2025-10-07,2027-10-07,88,399.3
B-2023-0100,Cetirizine,2025-12-09,2027-12-09,20,124.4
B-2024-0101,Pantoprazole,2024-04-14,2026-04-14,77,67.16
B-2023-0102,Ibuprofen,2025-01-01,2027-01-01,99,328.19
B-2024-0103,Telmisartan,2024-06-08,2026-06-08,35,155.55
B-2023-0104,Domperidone,2025-10-22,2027-10-22,13,324.78
B-2023-0105,Pantoprazole,2025-11-14,2027-11-14,42,137.98
B-2023-0106,Ibuprofen,2024-03-21,2026-03-21,25,69.53
B-2023-0107,Azithral,2024-06-14,2026-06-14,89,100.64
B-2024-0108,Amoxicillin,2024-09-13,2026-09-13,65,40.91
B-2024-0109,Cipcal 500,2025-03-08,2027-03-08,79,154.42
B-2024-0110,Pan 40,2024-07-06,2026-07-06,10,341.05
B-2024-0111,Cipcal 500,2024-09-18,2026-09-18,83,322.89
B-2023-0112,Cipcal 500,2025-07-17,2027-07-17,52,88.9
B-2023-0113,Aspirin,2024-04-03,2026-04-03,43,391.41
B-2024-0114,Azithral,2025-10-14,2027-10-14,95,346.8
B-2024-0115,Telmisartan,2025-03-04,2027-03-04,75,105.09
B-2023-0116,Cipcal 500,2024-09-11,2026-09-11,12,81.83
B-2024-0117,Amoxicillin,2024-03-10,2026-03-10,39,321.81
B-2023-0118,Dolo 650,2024-05-08,2026-05-08,96,214.53
B-2024-0119,Cipcal 500,2025-10-23,2027-10-23,14,410.7
B-2024-0120,Atorvastatin,2024-09-09,2026-09-09,47,152.14
B-2024-0121,Cipcal 500,2025-05-04,2027-05-04,59,183.6
B-2023-0122,Augmentin,2024-08-15,2026-08-15,21,292.46
B-2024-0123,Cetirizine,2024-11-24,2026-11-24,72,359.89
B-2023-0124,Augmentin,2024-11-22,2026-11-22,64,390.97
B-2023-0125,Pantoprazole,2025-07-19,2027-07-19,13,377.87
B-2024-0126,Cetirizine,2025-08-23,2027-08-23,92,448.38
B-2023-0127,Metformin,2024-02-20,2026-02-19,70,17.0
B-2024-0128,Amoxicillin,2024-05-20,2026-05-20,63,366.33
B-2024-0129,Telmisartan,2025-08-15,2027-08-15,33,65.68
B-2023-0130,Pan 40,2024-11-21,2026-11-21,90,405.88
B-2024-0131,Amoxicillin,2024-08-09,2026-08-09,45,489.55
B-2023-0132,Metformin,2024-01-10,2026-01-09,55,57.89
B-2024-0133,Pantoprazole,2024-08-14,2026-08-14,24,6.55
B-2023-0134,Pantoprazole,2025-04-08,2027-04-08,14,155.7
B-2023-0135,Telmisartan,2025-04-21,2027-04-21,14,438.34
B-2023-0136,Ibuprofen,2024-08-26,2026-08-26,16,329.87
B-2023-0137,Domperidone,2024-06-05,2026-06-05,65,296.74
B-2023-0138,Dolo 650,2024-05-15,2026-05-15,22,338.63
B-2024-0139,Cipcal 500,2024-10-10,2026-10-10,38,365.75
B-2023-0140,Cetirizine,2025-07-18,2027-07-18,78,49.46
B-2023-0141,Augmentin,2024-10-15,2026-10-15,79,137.29
B-2024-0142,Paracetamol,2024-05-07,2026-05-07,16,375.76
B-2023-0143,Azithral,2024-11-14,2026-11-14,20,52.18
B-2024-0144,Paracetamol,2024-07-29,2026-07-29,97,74.67
B-2023-0145,Cetirizine,2025-01-08,2027-01-08,41,190.74
B-2024-0146,Telmisartan,2024-01-16,2026-01-15,29,431.12
B-2024-0147,Cipcal 500,2025-11-06,2027-11-06,96,340.09
B-2024-0148,Domperidone,2024-03-22,2026-03-22,32,292.92
B-2024-0149,Amoxicillin,2024-08-21,2026-08-21,36,490.87
B-2023-0150,Ibuprofen,2025-09-16,2027-09-16,30,354.87
B-2023-0151,Amoxicillin,2025-03-21,2027-03-21,34,383.84
B-2023-0152,Amoxicillin,2024-09-22,2026-09-22,46,240.72
B-2023-0153,Cipcal 500,2025-02-16,2027-02-16,14,152.51
B-2023-0154,Domperidone,2024-01-26,2026-01-25,50,88.8
B-2023-0155,Atorvastatin,2024-05-25,2026-05-25,82,263.27
B-2024-0156,Azithral,2025-11-09,2027-11-09,54,447.16
B-2023-0157,Augmentin,2024-12-10,2026-12-10,42,476.47
B-2023-0158,Aspirin,2024-08-24,2026-08-24,100,103.19
B-2023-0159,Cipcal 500,2025-02-25,2027-02-25,92,247.24
B-2024-0160,Pantoprazole,2025-01-31,2027-01-31,46,30.07
B-2024-0161,Pan 40,2024-05-20,2026-05-20,76,397.54
B-2023-0162,Domperidone,2025-04-19,2027-04-19,36,451.75
B-2023-0163,Aspirin,2025-02-01,2027-02-01,15,127.04
B-2024-0164,Telmisartan,2025-09-18,2027-09-18,78,191.68
B-2023-0165,Telmisartan,2025-04-21,2027-04-21,56,499.07
B-2024-0166,Cipcal 500,2024-10-16,2026-10-16,62,475.78
B-2023-0167,Atorvastatin,2025-01-20,2027-01-20,16,336.44
B-2023-0168,Cetirizine,2025-02-06,2027-02-06,33,116.5
B-2023-0169,Atorvastatin,2024-04-22,2026-04-22,71,295.28
B-2023-0170,Cetirizine,2025-11-25,2027-11-25,40,464.33
B-2024-0171,Atorvastatin,2025-02-04,2027-02-04,93,6.78
B-2023-0172,Pantoprazole,2025-10-12,2027-10-12,17,92.34
B-2023-0173,Dolo 650,2024-03-07,2026-03-07,69,245.66
B-2024-0174,Telmisartan,2024-11-21,2026-11-21,76,309.51
B-2023-0175,Pan 40,2025-09-03,2027-09-03,62,474.97
B-2024-0176,Amoxicillin,2025-09-20,2027-09-20,22,238.99
B-2023-0177,Telmisartan,2025-10-12,2027-10-12,56,92.77
B-2024-0178,Aspirin,2024-06-23,2026-06-23,16,361.28
B-2024-0179,Atorvastatin,2025-11-23,2027-11-23,100,360.52
B-2023-0180,Telmisartan,2024-10-07,2026-10-07,34,415.78
B-2024-0181,Atorvastatin,2024-10-30,2026-10-30,69,172.35
B-2024-0182,Ibuprofen,2023-12-16,2025-12-15,94,426.99
B-2024-0183,Cipcal 500,2024-02-09,2026-02-08,88,436.46
B-2024-0184,Telmisartan,2025-05-26,2027-05-26,11,290.32
B-2024-0185,Telmisartan,2024-07-21,2026-07-21,79,369.44
B-2024-0186,Telmisartan,2025-05-24,2027-05-24,69,457.5
B-2023-0187,Cipcal 500,2023-12-27,2025-12-26,23,64.79
B-2023-0188,Amoxicillin,2025-03-15,2027-03-15,53,397.5
B-2024-0189,Domperidone,2024-02-27,2026-02-26,44,236.16
B-2024-0190,Amoxicillin,2025-01-19,2027-01-19,62,195.64
B-2023-0191,Telmisartan,2024-08-20,2026-08-20,58,120.44
B-2024-0192,Pan 40,2024-10-06,2026-10-06,83,219.91
B-2023-0193,Pan 40,2025-06-13,2027-06-13,42,23.17
B-2023-0194,Aspirin,2024-05-31,2026-05-31,22,130.79
B-2023-0195,Pantoprazole,2025-03-19,2027-03-19,83,178.99
B-2023-0196,Domperidone,2025-01-23,2027-01-23,17,353.19
B-2023-0197,Paracetamol,2024-08-28,2026-08-28,14,182.3
B-2023-0198,Aspirin,2025-05-06,2027-05-06,93,128.5
B-2023-0199,Ibuprofen,2024-10-15,2026-10-15,86,423.93
B-2023-0200,Aspirin,2025-07-14,2027-07-14,92,84.26
B-2024-0201,Pan 40,2025-03-20,2027-03-20,66,51.88
B-2023-0202,Augmentin,2024-03-26,2026-03-26,23,69.91
B-2023-0203,Cipcal 500,2024-06-20,2026-06-20,46,25.54
B-2024-0204,Aspirin,2024-04-16,2026-04-16,50,242.76
B-2024-0205,Cetirizine,2024-09-24,2026-09-24,85,61.72
B-2024-0206,Atorvastatin,2024-02-24,2026-02-23,26,150.12
B-2024-0207,Azithral,2024-08-15,2026-08-15,62,114.45
B-2023-0208,Cipcal 500,2024-08-16,2026-08-16,55,167.93
B-2023-0209,Domperidone,2024-04-30,2026-04-30,32,117.87
B-2024-0210,Amoxicillin,2024-05-03,2026-05-03,66,109.48
B-2024-0211,Paracetamol,2025-04-22,2027-04-22,62,371.29
B-2024-0212,Ibuprofen,2024-07-08,2026-07-08,44,235.53
B-2024-0213,Paracetamol,2024-02-05,2026-02-04,62,409.86
B-2023-0214,Atorvastatin,2025-09-07,2027-09-07,31,328.18
B-2023-0215,Amoxicillin,2025-10-25,2027-10-25,66,397.77
B-2024-0216,Aspirin,2025-03-17,2027-03-17,21,216.26
B-2024-0217,Pantoprazole,2025-07-25,2027-07-25,59,253.04
B-2023-0218,Telmisartan,2024-05-22,2026-05-22,49,115.3
B-2023-0219,Atorvastatin,2024-07-08,2026-07-08,10,23.95
B-2023-0220,Pan 40,2025-04-06,2027-04-06,33,343.51
B-2023-0221,Ibuprofen,2024-12-17,2026-12-17,41,122.18
B-2024-0222,Amoxicillin,2024-05-14,2026-05-14,72,106.16
B-2024-0223,Aspirin,2024-05-21,2026-05-21,15,406.37
B-2024-0224,Pantoprazole,2025-07-12,2027-07-12,54,314.07
B-2024-0225,Aspirin,2024-09-10,2026-09-10,44,389.52
B-2023-0226,Telmisartan,2025-01-04,2027-01-04,85,134.98
B-2024-0227,Metformin,2024-10-20,2026-10-20,44,47.61
B-2023-0228,Pan 40,2025-06-08,2027-06-08,94,349.12
B-2023-0229,Amoxicillin,2024-05-19,2026-05-19,75,310.69
B-2023-0230,Telmisartan,2025-05-08,2027-05-08,77,204.19
B-2023-0231,Azithral,2024-09-14,2026-09-14,97,152.97
B-2023-0232,Atorvastatin,2025-10-20,2027-10-20,14,414.54
B-2023-0233,Dolo 650,2024-11-02,2026-11-02,63,108.34
B-2024-0234,Aspirin,2024-01-03,2026-01-02,50,421.5
B-2023-0235,Cetirizine,2024-06-29,2026-06-29,63,146.12
B-2024-0236,Augmentin,2024-04-15,2026-04-15,80,275.11
B-2023-0237,Ibuprofen,2025-10-01,2027-10-01,92,147.79
B-2024-0238,Pantoprazole,2024-08-28,2026-08-28,34,398.44
B-2023-0239,Amoxicillin,2025-11-21,2027-11-21,41,199.81
B-2023-0240,Aspirin,2024-01-09,2026-01-08,69,241.49
B-2023-0241,Augmentin,2024-06-30,2026-06-30,82,185.9
B-2024-0242,Aspirin,2024-12-31,2026-12-31,17,219.83
B-2024-0243,Telmisartan,2025-07-09,2027-07-09,24,300.78
B-2024-0244,Metformin,2025-08-25,2027-08-25,15,389.39
B-2024-0245,Amoxicillin,2024-04-20,2026-04-20,14,315.99
B-2024-0246,Telmisartan,2023-12-23,2025-12-22,58,467.58
B-2024-0247,Ibuprofen,2025-07-09,2027-07-09,23,475.84
B-2023-0248,Cipcal 500,2024-09-07,2026-09-07,94,319.02
B-2024-0249,Pan 40,2025-02-09,2027-02-09,44,290.55
B-2023-0250,Paracetamol,2025-08-04,2027-08-04,63,457.49
B-2024-0251,Atorvastatin,2025-06-23,2027-06-23,11,78.35
B-2024-0252,Ibuprofen,2025-01-06,2027-01-06,42,438.87
B-2023-0253,Atorvastatin,2024-04-15,2026-04-15,17,310.78
B-2023-0254,Azithral,2024-11-01,2026-11-01,19,102.94
B-2024-0255,Domperidone,2025-02-22,2027-02-22,28,322.04
B-2024-0256,Cipcal 500,2024-01-01,2025-12-31,67,454.47
B-2023-0257,Pantoprazole,2024-09-16,2026-09-16,87,270.38
B-2023-0258,Metformin,2024-09-30,2026-09-30,43,50.88
B-2024-0259,Domperidone,2024-06-21,2026-06-21,77,455.62
B-2023-0260,Pantoprazole,2024-07-18,2026-07-18,51,73.07
B-2024-0261,Dolo 650,2025-07-26,2027-07-26,16,371.79
B-2024-0262,Amoxicillin,2024-03-05,2026-03-05,57,275.48
B-2024-0263,Amoxicillin,2025-04-12,2027-04-12,63,432.57
B-2024-0264,Telmisartan,2024-08-05,2026-08-05,45,164.31
B-2023-0265,Paracetamol,2024-10-14,2026-10-14,23,181.21
B-2023-0266,Cetirizine,2025-06-13,2027-06-13,57,457.87
B-2024-0267,Domperidone,2024-11-13,2026-11-13,54,385.96
B-2024-0268,Azithral,2025-08-19,2027-08-19,70,176.93
B-2024-0269,Domperidone,2024-02-26,2026-02-25,28,356.03
B-2024-0270,Pantoprazole,2024-02-09,2026-02-08,10,328.31
B-2024-0271,Amoxicillin,2024-03-18,2026-03-18,26,195.25
B-2023-0272,Domperidone,2025-11-01,2027-11-01,19,68.48
B-2024-0273,Cipcal 500,2025-03-27,2027-03-27,24,235.21
B-2023-0274,Atorvastatin,2024-03-25,2026-03-25,21,93.95
B-2023-0275,Pantoprazole,2024-12-10,2026-12-10,26,392.02
B-2024-0276,Metformin,2025-07-30,2027-07-30,92,459.94
B-2024-0277,Augmentin,2024-06-24,2026-06-24,49,216.51
B-2023-0278,Domperidone,2025-10-25,2027-10-25,34,408.71
B-2023-0279,Domperidone,2025-10-05,2027-10-05,84,22.05
B-2023-0280,Domperidone,2025-10-26,2027-10-26,80,145.6
B-2023-0281,Pan 40,2025-02-25,2027-02-25,64,64.86
B-2024-0282,Metformin,2023-12-16,2025-12-15,59,307.38
B-2023-0283,Augmentin,2024-11-20,2026-11-20,95,423.61
B-2024-0284,Domperidone,2024-03-04,2026-03-04,10,436.82
B-2023-0285,Metformin,2025-07-14,2027-07-14,65,217.0
B-2023-0286,Telmisartan,2024-07-16,2026-07-16,56,416.16
B-2024-0287,Amoxicillin,2025-06-25,2027-06-25,30,367.87
B-2023-0288,Dolo 650,2024-11-30,2026-11-30,85,379.27
B-2023-0289,Dolo 650,2025-05-30,2027-05-30,82,419.97
B-2024-0290,Augmentin,2024-01-26,2026-01-25,47,340.03
B-2023-0291,Cipcal 500,2025-10-18,2027-10-18,38,117.17
B-2023-0292,Dolo 650,2025-01-30,2027-01-30,50,23.3
B-2023-0293,Telmisartan,2025-06-12,2027-06-12,80,445.82
B-2023-0294,Pan 40,2025-01-31,2027-01-31,31,163.68
B-2023-0295,Cetirizine,2024-09-04,2026-09-04,56,497.79
B-2024-0296,Atorvastatin,2024-12-20,2026-12-20,58,33.99
B-2023-0297,Ibuprofen,2024-10-28,2026-10-28,34,228.22
B-2024-0298,Ibuprofen,2024-10-10,2026-10-10,84,340.38
B-2023-0299,Azithral,2024-06-08,2026-06-08,50,128.95
B-2023-0300,Amoxicillin,2025-01-08,2027-01-08,55,354.11
B-2024-0301,Ibuprofen,2025-02-24,2027-02-24,100,380.29
B-2024-0302,Paracetamol,2025-07-15,2027-07-15,52,378.2
B-2024-0303,Augmentin,2024-08-06,2026-08-06,23,139.19
B-2024-0304,Azithral,2024-07-13,2026-07-13,68,494.69
B-2024-0305,Azithral,2025-07-27,2027-07-27,58,470.84
B-2023-0306,Ibuprofen,2025-06-15,2027-06-15,84,366.38
B-2023-0307,Pantoprazole,2023-12-13,2025-12-12,80,270.36
B-2023-0308,Paracetamol,2024-06-09,2026-06-09,74,112.97
B-2024-0309,Telmisartan,2024-03-17,2026-03-17,75,88.16
B-2024-0310,Paracetamol,2025-05-21,2027-05-21,28,441.0
B-2024-0311,Metformin,2025-06-22,2027-06-22,12,412.57
B-2023-0312,Metformin,2024-05-28,2026-05-28,50,163.38
B-2024-0313,Azithral,2024-08-16,2026-08-16,62,297.39
B-2023-0314,Azithral,2024-11-08,2026-11-08,62,440.6
B-2023-0315,Atorvastatin,2025-03-21,2027-03-21,24,146.74
B-2023-0316,Telmisartan,2024-05-23,2026-05-23,25,42.87
B-2023-0317,Telmisartan,2025-11-28,2027-11-28,14,50.13
B-2024-0318,Azithral,2024-09-14,2026-09-14,61,124.92
B-2024-0319,Azithral,2025-10-25,2027-10-25,41,335.79
B-2023-0320,Cipcal 500,2024-07-23,2026-07-23,52,432.47
B-2023-0321,Amoxicillin,2024-06-17,2026-06-17,94,164.07
B-2023-0322,Pan 40,2025-09-19,2027-09-19,17,264.54
B-2024-0323,Telmisartan,2025-11-02,2027-11-02,75,42.57
B-2023-0324,Metformin,2024-07-04,2026-07-04,41,82.01
B-2023-0325,Domperidone,2025-10-16,2027-10-16,75,225.14
B-2023-0326,Azithral,2024-01-27,2026-01-26,34,477.76
B-2023-0327,Domperidone,2024-07-01,2026-07-01,87,468.46
B-2024-0328,Telmisartan,2025-09-22,2027-09-22,21,403.75
B-2023-0329,Metformin,2024-12-03,2026-12-03,13,38.17
B-2024-0330,Pan 40,2024-02-19,2026-02-18,16,51.03
B-2023-0331,Metformin,2024-09-01,2026-09-01,51,219.99
B-2024-0332,Paracetamol,2025-02-03,2027-02-03,88,418.49
B-2024-0333,Atorvastatin,2024-12-06,2026-12-06,64,253.49
B-2024-0334,Cetirizine,2024-01-04,2026-01-03,20,112.85
B-2023-0335,Domperidone,2025-11-02,2027-11-02,83,280.44
B-2023-0336,Augmentin,2025-01-17,2027-01-17,98,189.96
B-2024-0337,Metformin,2025-11-05,2027-11-05,64,320.69
B-2024-0338,Metformin,2024-04-18,2026-04-18,39,200.21
B-2023-0339,Pantoprazole,2025-03-25,2027-03-25,15,210.48
B-2024-0340,Amoxicillin,2025-05-02,2027-05-02,96,463.93
B-2024-0341,Metformin,2025-05-18,2027-05-18,24,263.09
B-2024-0342,Atorvastatin,2025-08-17,2027-08-17,69,172.29
B-2023-0343,Augmentin,2024-07-21,2026-07-21,15,311.62
B-2023-0344,Cipcal 500,2024-07-07,2026-07-07,26,281.87
B-2023-0345,Telmisartan,2025-04-23,2027-04-23,85,125.68
B-2023-0346,Cetirizine,2025-07-18,2027-07-18,70,196.74
B-2023-0347,Ibuprofen,2024-12-26,2026-12-26,45,247.95
B-2024-0348,Domperidone,2025-01-13,2027-01-13,71,191.7
B-2023-0349,Cipcal 500,2024-05-20,2026-05-20,93,111.08
B-2023-0350,Paracetamol,2024-04-21,2026-04-21,26,15.89
B-2024-0351,Augmentin,2024-10-23,2026-10-23,11,6.6
B-2024-0352,Azithral,2024-06-29,2026-06-29,78,277.8
B-2024-0353,Paracetamol,2024-09-27,2026-09-27,89,154.72
B-2023-0354,Telmisartan,2025-12-07,2027-12-07,66,238.49
B-2023-0355,Azithral,2024-07-10,2026-07-10,37,68.52
B-2023-0356,Telmisartan,2025-07-31,2027-07-31,82,59.26
B-2024-0357,Telmisartan,2024-10-29,2026-10-29,32,166.25
B-2023-0358,Dolo 650,2025-08-24,2027-08-24,81,390.72
B-2024-0359,Atorvastatin,2024-03-24,2026-03-24,58,422.97
B-2023-0360,Cipcal 500,2025-02-25,2027-02-25,26,195.05
B-2023-0361,Metformin,2024-03-12,2026-03-12,49,178.95
B-2023-0362,Metformin,2024-07-05,2026-07-05,65,201.07
B-2024-0363,Metformin,2025-11-13,2027-11-13,19,123.97
B-2024-0364,Cipcal 500,2024-05-11,2026-05-11,60,416.89
B-2023-0365,Paracetamol,2025-04-29,2027-04-29,78,188.24
B-2023-0366,Ibuprofen,2024-05-23,2026-05-23,30,371.32
B-2023-0367,Domperidone,2024-05-07,2026-05-07,26,100.01
B-2024-0368,Metformin,2024-02-03,2026-02-02,92,293.28
B-2023-0369,Amoxicillin,2025-09-30,2027-09-30,21,15.06
B-2024-0370,Aspirin,2024-03-16,2026-03-16,67,484.01
B-2024-0371,Azithral,2025-05-11,2027-05-11,38,357.24
B-2023-0372,Cetirizine,2025-06-27,2027-06-27,16,28.66
B-2024-0373,Cipcal 500,2025-05-09,2027-05-09,18,27.91
B-2023-0374,Cetirizine,2025-11-06,2027-11-06,80,321.56
B-2024-0375,Amoxicillin,2025-01-25,2027-01-25,22,48.89
B-2023-0376,Paracetamol,2025-05-30,2027-05-30,36,225.57
B-2024-0377,Atorvastatin,2025-11-04,2027-11-04,86,97.72
B-2024-0378,Atorvastatin,2024-12-16,2026-12-16,81,149.38
B-2024-0379,Metformin,2024-12-11,2026-12-11,70,227.3
B-2023-0380,Dolo 650,2024-02-26,2026-02-25,73,418.62
B-2024-0381,Pantoprazole,2025-02-23,2027-02-23,56,437.37
B-2024-0382,Aspirin,2024-01-15,2026-01-14,78,97.54
B-2024-0383,Paracetamol,2024-09-08,2026-09-08,10,425.91
B-2023-0384,Pantoprazole,2024-10-31,2026-10-31,88,129.94
B-2024-0385,Atorvastatin,2025-07-11,2027-07-11,80,448.93
B-2024-0386,Amoxicillin,2025-01-08,2027-01-08,80,37.4
B-2024-0387,Ibuprofen,2024-06-30,2026-06-30,37,103.63
B-2023-0388,Telmisartan,2024-06-18,2026-06-18,43,166.37
B-2023-0389,Ibuprofen,2024-03-13,2026-03-13,35,119.3
B-2024-0390,Pan 40,2025-01-27,2027-01-27,66,445.88
B-2023-0391,Azithral,2024-08-25,2026-08-25,89,240.67
B-2024-0392,Azithral,2024-06-16,2026-06-16,46,162.72
B-2023-0393,Augmentin,2024-06-06,2026-06-06,55,466.28
B-2024-0394,Azithral,2024-08-15,2026-08-15,23,346.05
B-2023-0395,Cetirizine,2025-09-05,2027-09-05,17,19.77
B-2024-0396,Pan 40,2024-02-05,2026-02-04,50,497.32
B-2023-0397,Aspirin,2025-05-26,2027-05-26,60,301.41
B-2024-0398,Telmisartan,2024-01-16,2026-01-15,63,313.77
B-2024-0399,Ibuprofen,2025-11-12,2027-11-12,100,213.38
B-2024-0400,Cipcal 500,2025-09-17,2027-09-17,55,23.88
B-2024-0401,Cipcal 500,2025-07-02,2027-07-02,75,354.92
B-2023-0402,Azithral,2025-07-02,2027-07-02,19,188.39
B-2023-0403,Pantoprazole,2024-12-10,2026-12-10,90,468.06
B-2023-0404,Domperidone,2024-08-10,2026-08-10,94,436.03
B-2024-0405,Telmisartan,2024-05-14,2026-05-14,97,271.22
B-2023-0406,Metformin,2024-09-18,2026-09-18,72,107.41
B-2023-0407,Augmentin,2024-07-12,2026-07-12,27,232.61
B-2024-0408,Telmisartan,2024-12-05,2026-12-05,61,439.91
B-2023-0409,Metformin,2025-12-09,2027-12-09,24,310.71
B-2024-0410,Paracetamol,2024-06-08,2026-06-08,75,293.32
B-2023-0411,Paracetamol,2024-01-22,2026-01-21,36,439.03
B-2024-0412,Augmentin,2025-05-19,2027-05-19,92,415.94
B-2023-0413,Metformin,2024-07-23,2026-07-23,88,17.37
B-2023-0414,Ibuprofen,2025-05-11,2027-05-11,85,163.99
B-2023-0415,Paracetamol,2024-03-19,2026-03-19,21,229.46
B-2024-0416,Aspirin,2024-04-05,2026-04-05,41,380.4
B-2024-0417,Dolo 650,2025-11-22,2027-11-22,15,286.2
B-2024-0418,Cetirizine,2025-07-20,2027-07-20,74,210.29
B-2023-0419,Amoxicillin,2025-01-08,2027-01-08,94,494.34
B-2023-0420,Aspirin,2025-03-17,2027-03-17,87,469.85
B-2024-0421,Pan 40,2024-06-04,2026-06-04,66,144.04
B-2023-0422,Metformin,2025-10-04,2027-10-04,76,341.68
B-2023-0423,Atorvastatin,2025-01-23,2027-01-23,27,432.56
B-2024-0424,Paracetamol,2025-02-23,2027-02-23,59,252.38
B-2023-0425,Paracetamol,2024-08-10,2026-08-10,44,405.55
B-2023-0426,Atorvastatin,2025-03-24,2027-03-24,59,245.19
B-2023-0427,Cetirizine,2025-03-24,2027-03-24,61,270.0
B-2023-0428,Pantoprazole,2024-10-17,2026-10-17,50,350.27
B-2024-0429,Pantoprazole,2024-05-01,2026-05-01,50,388.03
B-2024-0430,Metformin,2024-09-11,2026-09-11,42,332.33
B-2023-0431,Dolo 650,2025-01-07,2027-01-07,58,417.9
B-2024-0432,Paracetamol,2025-07-17,2027-07-17,41,204.73
B-2024-0433,Augmentin,2025-01-26,2027-01-26,87,229.58
B-2023-0434,Amoxicillin,2025-08-28,2027-08-28,30,172.31
B-2024-0435,Cetirizine,2025-04-11,2027-04-11,74,451.18
B-2024-0436,Metformin,2025-04-01,2027-04-01,12,284.05
B-2024-0437,Augmentin,2025-01-28,2027-01-28,18,17.65
B-2024-0438,Cetirizine,2024-10-30,2026-10-30,61,132.75
B-2023-0439,Cetirizine,2025-02-08,2027-02-08,53,321.88
B-2024-0440,Pantoprazole,2025-12-11,2027-12-11,73,153.74
B-2023-0441,Augmentin,2025-09-28,2027-09-28,97,227.54
B-2024-0442,Aspirin,2024-11-25,2026-11-25,17,55.34
B-2023-0443,Dolo 650,2024-05-05,2026-05-05,73,171.35
B-2024-0444,Pan 40,2024-06-11,2026-06-11,34,252.72
B-2024-0445,Cipcal 500,2025-07-09,2027-07-09,99,432.17
B-2023-0446,Ibuprofen,2024-07-07,2026-07-07,55,215.09
B-2023-0447,Azithral,2024-05-10,2026-05-10,43,44.43
B-2023-0448,Paracetamol,2025-07-17,2027-07-17,29,277.89
B-2023-0449,Cetirizine,2024-09-30,2026-09-30,57,68.89
B-2023-0450,Ibuprofen,2024-05-30,2026-05-30,30,479.9
B-2023-0451,Amoxicillin,2025-04-25,2027-04-25,62,36.7
B-2023-0452,Amoxicillin,2024-12-17,2026-12-17,10,467.76
B-2023-0453,Dolo 650,2024-04-28,2026-04-28,56,211.6
B-2024-0454,Paracetamol,2025-07-13,2027-07-13,81,337.25
B-2023-0455,Ibuprofen,2025-11-23,2027-11-23,89,346.55
B-2023-0456,Cipcal 500,2025-01-22,2027-01-22,88,93.83
B-2023-0457,Amoxicillin,2024-01-30,2026-01-29,16,311.77
B-2024-0458,Pantoprazole,2024-05-02,2026-05-02,31,266.46
B-2024-0459,Pantoprazole,2024-02-02,2026-02-01,69,416.55
B-2023-0460,Pan 40,2023-12-29,2025-12-28,64,28.42
B-2024-0461,Cetirizine,2024-12-03,2026-12-03,96,473.6
B-2024-0462,Cetirizine,2024-10-06,2026-10-06,56,382.02
B-2024-0463,Atorvastatin,2025-04-08,2027-04-08,39,466.3
B-2023-0464,Cipcal 500,2024-10-04,2026-10-04,34,379.16
B-2024-0465,Aspirin,2025-07-27,2027-07-27,60,362.45
B-2024-0466,Cipcal 500,2025-03-25,2027-03-25,74,77.23
B-2023-0467,Cetirizine,2025-02-12,2027-02-12,15,350.98
B-2023-0468,Dolo 650,2025-09-27,2027-09-27,95,420.96
B-2023-0469,Domperidone,2025-05-13,2027-05-13,36,363.27
B-2024-0470,Metformin,2024-07-06,2026-07-06,16,91.33
B-2024-0471,Pan 40,2024-07-11,2026-07-11,65,422.68
B-2023-0472,Domperidone,2025-07-10,2027-07-10,57,238.91
B-2024-0473,Paracetamol,2024-11-12,2026-11-12,18,442.17
B-2024-0474,Pan 40,2024-12-03,2026-12-03,82,338.75
B-2023-0475,Pan 40,2025-04-18,2027-04-18,86,348.72
B-2023-0476,Cipcal 500,2024-08-26,2026-08-26,45,419.06
B-2024-0477,Ibuprofen,2023-12-20,2025-12-19,21,205.21
B-2024-0478,Azithral,2024-07-16,2026-07-16,92,470.09
B-2023-0479,Pantoprazole,2025-01-07,2027-01-07,24,476.7
B-2024-0480,Ibuprofen,2024-12-25,2026-12-25,86,467.16
B-2024-0481,Ibuprofen,2024-04-04,2026-04-04,17,263.1
B-2023-0482,Cetirizine,2025-01-24,2027-01-24,28,12.13
B-2024-0483,Cetirizine,2025-09-18,2027-09-18,98,145.4
B-2023-0484,Aspirin,2024-11-04,2026-11-04,58,373.99
B-2024-0485,Telmisartan,2024-04-19,2026-04-19,19,355.14
B-2023-0486,Ibuprofen,2024-08-07,2026-08-07,13,426.32
B-2024-0487,Azithral,2024-06-09,2026-06-09,97,363.85
B-2023-0488,Aspirin,2025-10-31,2027-10-31,45,149.48
B-2023-0489,Augmentin,2024-11-08,2026-11-08,51,448.38
B-2024-0490,Pan 40,2024-05-08,2026-05-08,11,265.75
B-2023-0491,Paracetamol,2024-02-24,2026-02-23,31,402.0
B-2023-0492,Pan 40,2024-10-05,2026-10-05,35,223.84
B-2023-0493,Ibuprofen,2024-11-26,2026-11-26,33,440.67
B-2024-0494,Azithral,2024-06-06,2026-06-06,51,256.56
B-2023-0495,Pan 40,2025-10-03,2027-10-03,73,387.62
B-2024-0496,Metformin,2025-02-22,2027-02-22,46,16.65
B-2024-0497,Dolo 650,2025-10-04,2027-10-04,66,392.95
B-2023-0498,Pan 40,2023-12-17,2025-12-16,98,497.14
B-2024-0499,Metformin,2025-10-17,2027-10-17,10,417.02
B-2024-0500,Dolo 650,2024-05-16,2026-05-16,29,167.05
B-2023-0501,Cetirizine,2024-03-02,2026-03-02,53,479.83
B-2023-0502,Azithral,2025-11-16,2027-11-16,27,482.07
B-2024-0503,Dolo 650,2024-06-08,2026-06-08,55,110.46
B-2023-0504,Atorvastatin,2024-05-18,2026-05-18,43,232.07
B-2024-0505,Metformin,2025-11-30,2027-11-30,40,71.59
B-2024-0506,Ibuprofen,2024-07-21,2026-07-21,11,229.93
B-2024-0507,Cipcal 500,2024-03-17,2026-03-17,86,107.12
B-2024-0508,Domperidone,2024-12-27,2026-12-27,36,223.36
B-2023-0509,Dolo 650,2025-09-05,2027-09-05,12,18.75
B-2023-0510,Cipcal 500,2024-07-16,2026-07-16,37,218.64
B-2024-0511,Azithral,2025-07-24,2027-07-24,18,487.93
B-2024-0512,Metformin,2024-05-06,2026-05-06,84,473.57
B-2023-0513,Augmentin,2024-02-18,2026-02-17,19,283.61
B-2024-0514,Cipcal 500,2025-06-21,2027-06-21,30,349.7
B-2024-0515,Paracetamol,2025-07-31,2027-07-31,77,148.77
B-2024-0516,Metformin,2024-07-18,2026-07-18,15,265.61
B-2024-0517,Azithral,2024-03-17,2026-03-17,25,274.35
B-2023-0518,Atorvastatin,2025-01-05,2027-01-05,42,232.37
B-2024-0519,Dolo 650,2024-01-01,2025-12-31,76,357.11
B-2024-0520,Domperidone,2025-12-10,2027-12-10,88,191.44
B-2023-0521,Pantoprazole,2024-06-15,2026-06-15,54,334.67
B-2024-0522,Amoxicillin,2025-07-29,2027-07-29,86,147.17
B-2024-0523,Cetirizine,2024-01-24,2026-01-23,37,247.12
B-2024-0524,Domperidone,2025-03-12,2027-03-12,78,182.7
B-2024-0525,Aspirin,2024-10-17,2026-10-17,87,46.52
B-2023-0526,Augmentin,2024-04-25,2026-04-25,15,296.22
B-2023-0527,Atorvastatin,2025-11-02,2027-11-02,12,30.1
B-2023-0528,Dolo 650,2025-11-08,2027-11-08,40,317.26
B-2023-0529,Metformin,2025-12-01,2027-12-01,63,260.07
B-2024-0530,Metformin,2025-05-13,2027-05-13,25,81.55
B-2023-0531,Pan 40,2025-10-02,2027-10-02,26,232.1
B-2024-0532,Azithral,2024-05-26,2026-05-26,90,494.43
B-2024-0533,Aspirin,2025-09-19,2027-09-19,73,286.78
B-2023-0534,Pantoprazole,2024-07-05,2026-07-05,19,91.4
B-2023-0535,Domperidone,2025-11-14,2027-11-14,42,360.48
B-2024-0536,Atorvastatin,2025-08-13,2027-08-13,43,172.14
B-2023-0537,Pan 40,2024-04-15,2026-04-15,91,240.88
B-2024-0538,Augmentin,2024-09-13,2026-09-13,34,47.5
B-2024-0539,Dolo 650,2023-12-18,2025-12-17,46,486.73
B-2023-0540,Dolo 650,2024-01-05,2026-01-04,98,415.7
B-2024-0541,Augmentin,2024-09-23,2026-09-23,52,148.29
B-2023-0542,Cetirizine,2025-05-20,2027-05-20,51,40.85
B-2024-0543,Cipcal 500,2023-12-20,2025-12-19,31,498.78
B-2024-0544,Telmisartan,2025-10-01,2027-10-01,85,259.86
B-2024-0545,Amoxicillin,2025-11-14,2027-11-14,97,160.65
B-2023-0546,Paracetamol,2024-05-22,2026-05-22,58,215.74
B-2024-0547,Domperidone,2024-01-29,2026-01-28,79,114.15
B-2023-0548,Paracetamol,2025-04-29,2027-04-29,67,434.72
B-2024-0549,Augmentin,2024-12-23,2026-12-23,66,64.65
B-2023-0550,Atorvastatin,2024-06-29,2026-06-29,17,305.17
B-2024-0551,Domperidone,2025-09-30,2027-09-30,39,145.26
B-2024-0552,Azithral,2024-03-23,2026-03-23,74,285.69
B-2024-0553,Paracetamol,2024-12-11,2026-12-11,42,264.82
B-2024-0554,Amoxicillin,2024-11-27,2026-11-27,37,296.36
B-2023-0555,Paracetamol,2025-06-30,2027-06-30,99,473.85
B-2023-0556,Domperidone,2024-03-11,2026-03-11,73,39.49
B-2024-0557,Cetirizine,2025-11-09,2027-11-09,84,386.02
B-2023-0558,Ibuprofen,2024-05-08,2026-05-08,22,476.25
B-2024-0559,Dolo 650,2025-05-26,2027-05-26,24,349.92
B-2023-0560,Pantoprazole,2024-09-09,2026-09-09,41,61.94
B-2024-0561,Metformin,2024-01-11,2026-01-10,38,166.64
B-2023-0562,Atorvastatin,2025-06-14,2027-06-14,25,429.06
B-2024-0563,Pantoprazole,2024-09-12,2026-09-12,49,88.35
B-2023-0564,Pantoprazole,2025-05-12,2027-05-12,15,431.63
B-2024-0565,Telmisartan,2024-11-13,2026-11-13,12,408.51
B-2023-0566,Metformin,2025-01-03,2027-01-03,51,492.97
B-2023-0567,Azithral,2025-02-21,2027-02-21,28,481.45
B-2023-0568,Ibuprofen,2024-06-04,2026-06-04,62,444.39
B-2023-0569,Cipcal 500,2024-10-29,2026-10-29,16,292.21
B-2023-0570,Pantoprazole,2024-01-25,2026-01-24,36,44.81
B-2024-0571,Metformin,2025-04-29,2027-04-29,23,356.94
B-2023-0572,Pantoprazole,2024-03-02,2026-03-02,65,116.11
B-2023-0573,Aspirin,2025-08-25,2027-08-25,10,237.24
B-2024-0574,Amoxicillin,2023-12-13,2025-12-12,57,367.68
B-2023-0575,Paracetamol,2024-03-05,2026-03-05,96,340.97
B-2023-0576,Dolo 650,2024-03-07,2026-03-07,73,243.55
B-2023-0577,Atorvastatin,2025-10-14,2027-10-14,80,170.37
B-2023-0578,Atorvastatin,2025-07-20,2027-07-20,44,472.12
B-2023-0579,Cetirizine,2025-10-25,2027-10-25,30,54.59
B-2023-0580,Atorvastatin,2024-11-01,2026-11-01,71,172.02
B-2024-0581,Aspirin,2024-11-15,2026-11-15,86,285.27
B-2023-0582,Domperidone,2025-06-27,2027-06-27,79,469.99
B-2023-0583,Telmisartan,2024-04-30,2026-04-30,51,201.81
B-2024-0584,Augmentin,2025-03-07,2027-03-07,51,436.73
B-2024-0585,Dolo 650,2025-03-13,2027-03-13,100,269.19
B-2023-0586,Cipcal 500,2025-02-16,2027-02-16,80,348.29
B-2023-0587,Dolo 650,2024-10-19,2026-10-19,17,43.64
B-2024-0588,Paracetamol,2024-01-25,2026-01-24,76,498.95
B-2023-0589,Metformin,2025-02-12,2027-02-12,74,207.63
B-2024-0590,Ibuprofen,2023-12-22,2025-12-21,59,337.0
B-2024-0591,Amoxicillin,2025-01-11,2027-01-11,15,421.87
B-2024-0592,Azithral,2025-08-20,2027-08-20,41,153.37
B-2023-0593,Telmisartan,2025-11-12,2027-11-12,78,163.51
B-2023-0594,Cetirizine,2025-03-03,2027-03-03,19,176.81
B-2024-0595,Augmentin,2024-11-13,2026-11-13,34,152.91
B-2024-0596,Domperidone,2025-02-18,2027-02-18,38,447.92
B-2024-0597,Pan 40,2025-05-30,2027-05-30,85,431.73
B-2023-0598,Metformin,2025-05-12,2027-05-12,48,222.19
B-2023-0599,Domperidone,2024-09-17,2026-09-17,12,385.7
B-2023-0600,Domperidone,2024-12-22,2026-12-22,64,84.3
B-2023-0601,Ibuprofen,2024-04-18,2026-04-18,72,361.6
B-2023-0602,Telmisartan,2025-06-19,2027-06-19,93,477.52
B-2024-0603,Cipcal 500,2024-12-07,2026-12-07,69,66.85
B-2023-0604,Atorvastatin,2024-09-23,2026-09-23,51,24.45
B-2023-0605,Domperidone,2024-12-24,2026-12-24,97,198.82
B-2024-0606,Metformin,2024-06-09,2026-06-09,38,50.78
B-2023-0607,Pan 40,2025-09-05,2027-09-05,84,200.6
B-2024-0608,Augmentin,2025-09-22,2027-09-22,46,62.31
B-2023-0609,Pan 40,2025-05-22,2027-05-22,37,137.7
B-2024-0610,Pantoprazole,2025-09-08,2027-09-08,86,146.68
B-2023-0611,Ibuprofen,2025-09-10,2027-09-10,65,342.55
B-2024-0612,Cetirizine,2025-07-05,2027-07-05,18,434.78
B-2023-0613,Cetirizine,2023-12-24,2025-12-23,72,177.41
B-2024-0614,Domperidone,2025-05-09,2027-05-09,40,237.58
B-2024-0615,Cipcal 500,2025-01-17,2027-01-17,40,402.43
B-2023-0616,Dolo 650,2024-05-07,2026-05-07,38,34.22
B-2024-0617,Paracetamol,2025-02-20,2027-02-20,71,310.89
B-2024-0618,Aspirin,2025-05-28,2027-05-28,35,28.08
B-2023-0619,Telmisartan,2024-08-25,2026-08-25,68,30.47
B-2024-0620,Azithral,2024-12-25,2026-12-25,84,19.04
B-2023-0621,Dolo 650,2024-12-01,2026-12-01,11,260.08
B-2023-0622,Paracetamol,2023-12-21,2025-12-20,90,80.2
B-2024-0623,Atorvastatin,2024-04-17,2026-04-17,64,361.04
B-2024-0624,Telmisartan,2024-02-25,2026-02-24,83,368.3
B-2024-0625,Telmisartan,2024-05-07,2026-05-07,91,136.51
B-2024-0626,Metformin,2024-08-20,2026-08-20,98,488.98
B-2024-0627,Aspirin,2024-06-09,2026-06-09,47,136.43
B-2024-0628,Cipcal 500,2024-05-22,2026-05-22,49,209.17
B-2023-0629,Cipcal 500,2024-09-04,2026-09-04,26,15.34
B-2024-0630,Ibuprofen,2025-10-13,2027-10-13,72,96.3
B-2023-0631,Atorvastatin,2023-12-22,2025-12-21,92,371.42
B-2023-0632,Metformin,2025-09-09,2027-09-09,75,315.05
B-2023-0633,Paracetamol,2024-02-23,2026-02-22,61,47.36
B-2023-0634,Azithral,2025-07-14,2027-07-14,50,450.19
B-2024-0635,Telmisartan,2024-09-15,2026-09-15,98,143.03
B-2024-0636,Cetirizine,2024-12-15,2026-12-15,28,83.75
B-2023-0637,Aspirin,2024-10-27,2026-10-27,41,176.3
B-2024-0638,Dolo 650,2024-01-26,2026-01-25,47,400.27
B-2023-0639,Dolo 650,2025-09-22,2027-09-22,48,234.55
B-2023-0640,Pan 40,2025-06-27,2027-06-27,35,235.09
B-2023-0641,Paracetamol,2024-02-09,2026-02-08,67,308.49
B-2023-0642,Augmentin,2024-08-09,2026-08-09,38,292.68
B-2023-0643,Paracetamol,2025-06-19,2027-06-19,10,269.76
B-2024-0644,Amoxicillin,2024-10-22,2026-10-22,47,103.2
B-2023-0645,Cetirizine,2025-11-13,2027-11-13,96,34.43
B-2023-0646,Telmisartan,2024-09-27,2026-09-27,26,429.97
B-2024-0647,Ibuprofen,2024-02-20,2026-02-19,70,217.07
B-2024-0648,Aspirin,2024-11-02,2026-11-02,60,467.59
B-2023-0649,Domperidone,2024-05-18,2026-05-18,54,290.13
B-2024-0650,Metformin,2024-03-19,2026-03-19,67,472.31
B-2024-0651,Telmisartan,2025-03-10,2027-03-10,49,68.4
B-2023-0652,Azithral,2024-11-04,2026-11-04,49,214.14
B-2023-0653,Pantoprazole,2025-05-10,2027-05-10,63,462.98
B-2024-0654,Telmisartan,2025-06-18,2027-06-18,69,465.39
B-2024-0655,Aspirin,2024-10-28,2026-10-28,17,62.83
B-2024-0656,Cetirizine,2024-12-31,2026-12-31,65,333.96
B-2024-0657,Ibuprofen,2025-01-10,2027-01-10,10,356.86
B-2023-0658,Ibuprofen,2025-03-10,2027-03-10,26,434.39
B-2024-0659,Telmisartan,2025-08-11,2027-08-11,76,6.88
B-2024-0660,Augmentin,2024-10-17,2026-10-17,18,112.78
B-2023-0661,Atorvastatin,2025-05-25,2027-05-25,96,175.53
B-2024-0662,Dolo 650,2024-05-27,2026-05-27,98,470.0
B-2023-0663,Pantoprazole,2025-10-08,2027-10-08,21,115.75
B-2024-0664,Cetirizine,2025-05-08,2027-05-08,29,337.79
B-2023-0665,Pan 40,2024-04-05,2026-04-05,57,96.36
B-2024-0666,Paracetamol,2024-11-25,2026-11-25,86,140.14
B-2023-0667,Azithral,2024-03-23,2026-03-23,44,272.31
B-2024-0668,Amoxicillin,2024-09-16,2026-09-16,17,364.65
B-2023-0669,Metformin,2025-11-29,2027-11-29,49,235.69
B-2023-0670,Azithral,2025-04-23,2027-04-23,82,184.83
B-2024-0671,Atorvastatin,2025-09-22,2027-09-22,23,189.5
B-2023-0672,Paracetamol,2025-04-23,2027-04-23,28,18.68
B-2024-0673,Cipcal 500,2024-11-04,2026-11-04,45,353.39
B-2023-0674,Atorvastatin,2024-08-15,2026-08-15,61,476.05
B-2024-0675,Pantoprazole,2024-05-13,2026-05-13,96,230.31
B-2023-0676,Cetirizine,2024-07-28,2026-07-28,77,370.74
B-2023-0677,Cipcal 500,2024-04-15,2026-04-15,24,419.01
B-2023-0678,Pan 40,2025-10-19,2027-10-19,10,72.11
B-2024-0679,Metformin,2024-05-16,2026-05-16,70,80.51
B-2024-0680,Ibuprofen,2025-06-20,2027-06-20,84,202.81
B-2023-0681,Aspirin,2024-12-21,2026-12-21,49,290.67
B-2023-0682,Telmisartan,2025-09-07,2027-09-07,95,27.83
B-2023-0683,Paracetamol,2025-02-25,2027-02-25,69,486.5
B-2023-0684,Ibuprofen,2025-09-24,2027-09-24,20,262.74
B-2024-0685,Aspirin,2024-01-21,2026-01-20,72,424.11
B-2023-0686,Aspirin,2025-02-05,2027-02-05,31,275.55
B-2024-0687,Domperidone,2025-03-22,2027-03-22,92,276.07
B-2024-0688,Amoxicillin,2025-02-21,2027-02-21,93,464.7
B-2024-0689,Telmisartan,2024-04-09,2026-04-09,98,219.69
B-2023-0690,Metformin,2025-02-05,2027-02-05,27,473.35
B-2024-0691,Telmisartan,2024-10-23,2026-10-23,18,459.11
B-2024-0692,Pantoprazole,2024-07-31,2026-07-31,74,486.4
B-2023-0693,Azithral,2024-05-09,2026-05-09,54,338.78
B-2024-0694,Azithral,2025-07-02,2027-07-02,65,304.89
B-2024-0695,Augmentin,2025-03-28,2027-03-28,48,55.44
B-2024-0696,Telmisartan,2025-03-17,2027-03-17,40,86.33
B-2024-0697,Atorvastatin,2024-04-12,2026-04-12,82,478.28
B-2023-0698,Azithral,2025-09-30,2027-09-30,67,87.95
B-2023-0699,Telmisartan,2024-03-05,2026-03-05,46,490.98
B-2023-0700,Cipcal 500,2025-02-22,2027-02-22,42,74.62
B-2023-0701,Amoxicillin,2025-07-26,2027-07-26,17,289.94
B-2023-0702,Augmentin,2024-02-08,2026-02-07,92,53.63
B-2024-0703,Paracetamol,2024-12-27,2026-12-27,58,460.44
B-2024-0704,Amoxicillin,2025-04-20,2027-04-20,54,466.03
B-2024-0705,Augmentin,2024-02-01,2026-01-31,89,39.57
B-2023-0706,Domperidone,2024-07-15,2026-07-15,64,334.15
B-2023-0707,Cipcal 500,2024-07-10,2026-07-10,81,90.87
B-2024-0708,Cipcal 500,2024-07-06,2026-07-06,26,18.53
B-2023-0709,Dolo 650,2025-02-15,2027-02-15,68,20.83
B-2024-0710,Ibuprofen,2024-08-19,2026-08-19,80,442.93
B-2024-0711,Ibuprofen,2025-07-31,2027-07-31,45,299.04
B-2023-0712,Pantoprazole,2024-02-05,2026-02-04,42,137.65
B-2023-0713,Ibuprofen,2025-03-20,2027-03-20,30,159.89
B-2024-0714,Cetirizine,2024-05-15,2026-05-15,74,331.47
B-2023-0715,Azithral,2024-08-27,2026-08-27,76,458.01
B-2024-0716,Cipcal 500,2024-02-05,2026-02-04,87,139.1
B-2024-0717,Domperidone,2023-12-20,2025-12-19,67,155.53
B-2024-0718,Pantoprazole,2025-07-27,2027-07-27,86,10.11
B-2023-0719,Domperidone,2025-01-27,2027-01-27,48,317.38
B-2024-0720,Metformin,2025-02-25,2027-02-25,30,233.49
B-2024-0721,Pan 40,2025-11-13,2027-11-13,27,44.67
B-2024-0722,Ibuprofen,2025-11-15,2027-11-15,78,67.18
B-2024-0723,Metformin,2024-05-18,2026-05-18,95,20.62
B-2024-0724,Pantoprazole,2025-11-27,2027-11-27,20,450.14
B-2023-0725,Pantoprazole,2024-04-14,2026-04-14,86,103.98
B-2023-0726,Cipcal 500,2025-09-19,2027-09-19,24,126.97
B-2023-0727,Amoxicillin,2024-02-10,2026-02-09,43,277.92
B-2024-0728,Paracetamol,2024-05-09,2026-05-09,49,444.69
B-2023-0729,Ibuprofen,2024-01-21,2026-01-20,33,220.03
B-2023-0730,Domperidone,2025-09-25,2027-09-25,10,34.0
B-2024-0731,Atorvastatin,2025-05-23,2027-05-23,86,135.41
B-2024-0732,Ibuprofen,2025-08-06,2027-08-06,43,418.28
B-2024-0733,Ibuprofen,2024-06-04,2026-06-04,19,494.1
B-2023-0734,Ibuprofen,2024-09-25,2026-09-25,65,440.84
B-2024-0735,Pan 40,2025-08-20,2027-08-20,92,201.87
B-2024-0736,Domperidone,2024-12-25,2026-12-25,70,80.61
B-2023-0737,Atorvastatin,2025-04-08,2027-04-08,96,279.66
B-2024-0738,Telmisartan,2025-09-30,2027-09-30,14,152.84
B-2024-0739,Paracetamol,2025-06-30,2027-06-30,99,283.4
B-2024-0740,Pantoprazole,2025-01-19,2027-01-19,21,206.19
B-2024-0741,Augmentin,2024-03-06,2026-03-06,68,387.68
B-2024-0742,Amoxicillin,2025-11-05,2027-11-05,18,257.33
B-2023-0743,Augmentin,2023-12-21,2025-12-20,84,14.08
B-2024-0744,Pan 40,2025-09-02,2027-09-02,63,339.14
B-2024-0745,Metformin,2025-03-03,2027-03-03,85,402.91
B-2024-0746,Paracetamol,2024-12-20,2026-12-20,75,132.79
B-2024-0747,Cipcal 500,2025-01-23,2027-01-23,75,62.93
B-2023-0748,Cetirizine,2024-11-08,2026-11-08,47,393.1
B-2024-0749,Azithral,2024-06-22,2026-06-22,24,468.92
B-2024-0750,Azithral,2024-12-13,2026-12-13,21,275.48
B-2024-0751,Aspirin,2025-08-07,2027-08-07,68,157.13
B-2024-0752,Amoxicillin,2024-12-27,2026-12-27,35,159.79
B-2024-0753,Pan 40,2024-08-12,2026-08-12,47,103.42
B-2024-0754,Telmisartan,2025-04-09,2027-04-09,39,282.81
B-2024-0755,Augmentin,2025-11-29,2027-11-29,91,253.66
B-2024-0756,Atorvastatin,2023-12-14,2025-12-13,33,70.12
B-2024-0757,Dolo 650,2025-06-29,2027-06-29,30,57.74
B-2024-0758,Dolo 650,2024-10-21,2026-10-21,15,311.14
B-2024-0759,Pan 40,2025-11-03,2027-11-03,39,371.54
B-2023-0760,Metformin,2023-12-16,2025-12-15,84,103.15
B-2024-0761,Atorvastatin,2024-01-17,2026-01-16,26,193.92
B-2024-0762,Pan 40,2025-09-25,2027-09-25,81,54.51
B-2024-0763,Paracetamol,2024-09-13,2026-09-13,63,250.2
B-2023-0764,Cipcal 500,2023-12-14,2025-12-13,67,119.91
B-2024-0765,Amoxicillin,2025-10-10,2027-10-10,90,87.12
B-2024-0766,Augmentin,2024-04-24,2026-04-24,52,474.72
B-2023-0767,Aspirin,2024-05-04,2026-05-04,29,112.79
B-2023-0768,Ibuprofen,2025-01-05,2027-01-05,97,420.23
B-2024-0769,Ibuprofen,2025-10-01,2027-10-01,26,399.25
B-2024-0770,Azithral,2025-06-20,2027-06-20,65,96.39
B-2024-0771,Azithral,2024-01-31,2026-01-30,68,154.84
B-2024-0772,Augmentin,2024-02-26,2026-02-25,11,496.91
B-2024-0773,Pantoprazole,2024-12-15,2026-12-15,65,453.97
B-2023-0774,Amoxicillin,2025-01-18,2027-01-18,86,311.14
B-2023-0775,Telmisartan,2025-06-09,2027-06-09,53,243.22
B-2024-0776,Paracetamol,2025-02-04,2027-02-04,99,118.74
B-2024-0777,Metformin,2025-12-01,2027-12-01,61,117.02
B-2024-0778,Azithral,2024-01-01,2025-12-31,77,270.03
B-2023-0779,Aspirin,2025-10-17,2027-10-17,100,409.76
B-2023-0780,Augmentin,2025-07-08,2027-07-08,93,390.02
B-2023-0781,Azithral,2024-02-08,2026-02-07,45,476.02
B-2024-0782,Domperidone,2024-03-28,2026-03-28,99,369.52
B-2023-0783,Atorvastatin,2025-04-03,2027-04-03,16,327.6
B-2023-0784,Atorvastatin,2024-03-16,2026-03-16,13,349.93
B-2024-0785,Azithral,2024-03-01,2026-03-01,68,281.72
B-2023-0786,Cipcal 500,2024-01-11,2026-01-10,34,375.5
B-2024-0787,Telmisartan,2025-10-20,2027-10-20,52,414.41
B-2023-0788,Pantoprazole,2024-06-06,2026-06-06,65,286.88
B-2024-0789,Ibuprofen,2024-03-10,2026-03-10,31,436.69
B-2024-0790,Telmisartan,2024-09-06,2026-09-06,29,392.78
B-2024-0791,Augmentin,2024-03-30,2026-03-30,54,259.71
B-2024-0792,Atorvastatin,2025-09-15,2027-09-15,28,185.04
B-2023-0793,Cetirizine,2024-02-07,2026-02-06,41,13.8
B-2023-0794,Domperidone,2024-02-22,2026-02-21,44,267.2
B-2023-0795,Domperidone,2025-12-01,2027-12-01,71,73.05
B-2024-0796,Domperidone,2024-06-03,2026-06-03,84,301.36
B-2023-0797,Pan 40,2024-02-17,2026-02-16,21,71.26
B-2024-0798,Aspirin,2025-09-10,2027-09-10,47,224.48
B-2023-0799,Dolo 650,2025-12-11,2027-12-11,26,406.41
B-2023-0800,Amoxicillin,2025-11-13,2027-11-13,81,68.83
B-2024-0801,Ibuprofen,2024-04-12,2026-04-12,69,243.71
B-2024-0802,Azithral,2025-01-02,2027-01-02,75,86.01
B-2023-0803,Paracetamol,2024-08-17,2026-08-17,77,261.4
B-2024-0804,Cipcal 500,2024-08-07,2026-08-07,19,95.43
B-2024-0805,Paracetamol,2024-05-11,2026-05-11,29,416.56
B-2024-0806,Pantoprazole,2024-10-14,2026-10-14,18,366.5
B-2024-0807,Amoxicillin,2025-02-16,2027-02-16,53,466.6
B-2024-0808,Amoxicillin,2024-07-01,2026-07-01,28,79.64
B-2023-0809,Pantoprazole,2024-12-14,2026-12-14,30,339.39
B-2023-0810,Paracetamol,2025-01-02,2027-01-02,12,475.3
B-2024-0811,Cipcal 500,2024-01-28,2026-01-27,51,114.28
B-2023-0812,Domperidone,2023-12-15,2025-12-14,96,230.44
B-2024-0813,Amoxicillin,2025-03-22,2027-03-22,46,368.62
B-2023-0814,Cipcal 500,2025-07-15,2027-07-15,92,405.15
B-2023-0815,Metformin,2024-09-19,2026-09-19,32,149.7
B-2024-0816,Atorvastatin,2025-11-04,2027-11-04,75,219.94
B-2023-0817,Pantoprazole,2025-09-04,2027-09-04,24,469.66
B-2023-0818,Pantoprazole,2025-01-19,2027-01-19,38,395.95
B-2023-0819,Metformin,2024-04-01,2026-04-01,56,53.88
B-2023-0820,Atorvastatin,2025-05-04,2027-05-04,59,12.17
B-2024-0821,Aspirin,2025-09-19,2027-09-19,33,107.64
B-2024-0822,Metformin,2025-08-30,2027-08-30,84,68.06
B-2024-0823,Dolo 650,2024-08-15,2026-08-15,95,434.44
B-2023-0824,Domperidone,2025-03-21,2027-03-21,49,436.02
B-2024-0825,Dolo 650,2025-04-11,2027-04-11,63,253.91
B-2024-0826,Atorvastatin,2025-03-04,2027-03-04,69,399.36
B-2023-0827,Domperidone,2024-09-22,2026-09-22,75,372.78
B-2023-0828,Azithral,2025-08-26,2027-08-26,41,458.07
B-2024-0829,Dolo 650,2025-04-08,2027-04-08,87,142.94
B-2023-0830,Domperidone,2024-08-31,2026-08-31,67,391.67
B-2024-0831,Telmisartan,2024-07-16,2026-07-16,31,463.65
B-2023-0832,Dolo 650,2024-03-16,2026-03-16,38,173.58
B-2023-0833,Augmentin,2024-02-03,2026-02-02,92,151.94
B-2024-0834,Atorvastatin,2024-09-13,2026-09-13,98,248.91
B-2023-0835,Dolo 650,2024-09-08,2026-09-08,64,424.92
B-2023-0836,Paracetamol,2025-02-19,2027-02-19,14,331.35
B-2024-0837,Paracetamol,2024-07-14,2026-07-14,40,259.72
B-2023-0838,Dolo 650,2025-03-22,2027-03-22,22,77.2
B-2024-0839,Metformin,2024-05-22,2026-05-22,71,208.85
B-2023-0840,Pan 40,2025-10-28,2027-10-28,44,55.97
B-2024-0841,Metformin,2024-02-04,2026-02-03,34,43.92
B-2024-0842,Pantoprazole,2025-01-12,2027-01-12,81,338.16
B-2023-0843,Amoxicillin,2024-11-01,2026-11-01,28,141.02
B-2024-0844,Cipcal 500,2024-06-12,2026-06-12,64,99.81
B-2024-0845,Pan 40,2024-01-22,2026-01-21,52,272.43
B-2023-0846,Aspirin,2024-03-21,2026-03-21,74,402.03
B-2024-0847,Cetirizine,2025-11-29,2027-11-29,92,151.03
B-2023-0848,Telmisartan,2025-08-20,2027-08-20,95,38.58
B-2024-0849,Paracetamol,2024-04-28,2026-04-28,97,23.94
B-2023-0850,Cipcal 500,2025-04-15,2027-04-15,38,242.25
B-2023-0851,Ibuprofen,2024-08-22,2026-08-22,67,151.88
B-2024-0852,Paracetamol,2025-10-29,2027-10-29,39,53.05
B-2023-0853,Cipcal 500,2025-03-05,2027-03-05,53,231.57
B-2024-0854,Dolo 650,2024-05-25,2026-05-25,26,75.26
B-2024-0855,Atorvastatin,2025-01-28,2027-01-28,15,34.77
B-2024-0856,Metformin,2025-04-10,2027-04-10,52,126.27
B-2023-0857,Metformin,2024-04-09,2026-04-09,33,398.44
B-2024-0858,Domperidone,2025-09-17,2027-09-17,74,230.01
B-2024-0859,Amoxicillin,2025-01-31,2027-01-31,37,361.85
B-2023-0860,Cipcal 500,2024-06-16,2026-06-16,63,325.17
B-2024-0861,Pan 40,2025-01-05,2027-01-05,21,221.4
B-2024-0862,Azithral,2024-11-18,2026-11-18,88,306.88
B-2023-0863,Dolo 650,2025-05-08,2027-05-08,17,74.5
B-2023-0864,Atorvastatin,2024-06-24,2026-06-24,19,328.92
B-2023-0865,Atorvastatin,2024-05-04,2026-05-04,41,412.38
B-2024-0866,Aspirin,2025-08-15,2027-08-15,100,103.16
B-2023-0867,Ibuprofen,2024-04-20,2026-04-20,49,340.89
B-2023-0868,Domperidone,2025-04-29,2027-04-29,42,103.47
B-2023-0869,Ibuprofen,2024-10-23,2026-10-23,71,215.87
B-2024-0870,Amoxicillin,2025-12-10,2027-12-10,29,6.89
B-2023-0871,Atorvastatin,2024-05-14,2026-05-14,82,291.79
B-2024-0872,Cetirizine,2024-11-12,2026-11-12,83,322.29
B-2023-0873,Metformin,2024-04-02,2026-04-02,80,464.31
B-2024-0874,Ibuprofen,2025-08-20,2027-08-20,60,173.66
B-2024-0875,Cipcal 500,2025-06-12,2027-06-12,46,420.31
B-2023-0876,Dolo 650,2025-12-02,2027-12-02,42,180.12
B-2023-0877,Paracetamol,2024-05-14,2026-05-14,64,71.71
B-2024-0878,Domperidone,2024-06-20,2026-06-20,11,79.4
B-2023-0879,Metformin,2024-12-14,2026-12-14,83,137.13
B-2024-0880,Telmisartan,2023-12-27,2025-12-26,37,72.83
B-2024-0881,Pantoprazole,2025-09-24,2027-09-24,59,234.8
B-2023-0882,Cipcal 500,2024-11-04,2026-11-04,68,13.54
B-2024-0883,Atorvastatin,2024-05-14,2026-05-14,50,442.85
B-2024-0884,Ibuprofen,2024-05-27,2026-05-27,100,141.64
B-2024-0885,Pantoprazole,2025-12-08,2027-12-08,11,469.34
B-2023-0886,Dolo 650,2024-11-20,2026-11-20,70,297.06
B-2024-0887,Pantoprazole,2024-08-05,2026-08-05,55,113.34
B-2023-0888,Azithral,2024-10-11,2026-10-11,75,498.3
B-2023-0889,Ibuprofen,2024-12-21,2026-12-21,15,183.2
B-2023-0890,Azithral,2024-05-28,2026-05-28,64,482.08
B-2024-0891,Pantoprazole,2024-08-24,2026-08-24,16,112.47
B-2024-0892,Dolo 650,2025-05-15,2027-05-15,53,203.25
B-2023-0893,Amoxicillin,2024-06-30,2026-06-30,86,153.99
B-2023-0894,Telmisartan,2025-02-20,2027-02-20,57,159.01
B-2024-0895,Metformin,2024-01-31,2026-01-30,69,453.69
B-2024-0896,Azithral,2024-08-06,2026-08-06,40,478.5
B-2023-0897,Amoxicillin,2024-10-13,2026-10-13,55,249.58
B-2023-0898,Domperidone,2025-08-13,2027-08-13,62,199.68
B-2023-0899,Pan 40,2025-10-20,2027-10-20,44,149.38
B-2023-0900,Ibuprofen,2024-11-17,2026-11-17,28,452.75
B-2023-0901,Domperidone,2025-04-27,2027-04-27,91,456.93
B-2023-0902,Augmentin,2024-10-22,2026-10-22,61,404.82
B-2023-0903,Cipcal 500,2025-10-28,2027-10-28,78,139.74
B-2024-0904,Paracetamol,2024-06-17,2026-06-17,88,399.53
B-2024-0905,Ibuprofen,2024-08-17,2026-08-17,17,483.47
B-2023-0906,Azithral,2023-12-31,2025-12-30,46,121.81
B-2024-0907,Augmentin,2024-08-23,2026-08-23,97,315.98
B-2023-0908,Cetirizine,2024-11-05,2026-11-05,10,350.91
B-2024-0909,Amoxicillin,2024-02-20,2026-02-19,11,100.96
B-2024-0910,Cetirizine,2024-04-22,2026-04-22,21,294.86
B-2024-0911,Paracetamol,2024-01-05,2026-01-04,67,196.05
B-2023-0912,Ibuprofen,2024-01-26,2026-01-25,38,33.68
B-2024-0913,Ibuprofen,2025-11-26,2027-11-26,86,124.73
B-2023-0914,Dolo 650,2024-04-15,2026-04-15,11,325.13
B-2023-0915,Paracetamol,2024-03-14,2026-03-14,82,346.31
B-2023-0916,Ibuprofen,2024-11-27,2026-11-27,85,274.81
B-2023-0917,Telmisartan,2024-09-13,2026-09-13,29,349.02
B-2023-0918,Ibuprofen,2024-10-15,2026-10-15,42,191.7
B-2023-0919,Aspirin,2025-08-20,2027-08-20,52,26.63
B-2023-0920,Augmentin,2024-04-22,2026-04-22,20,474.16
B-2023-0921,Atorvastatin,2024-04-15,2026-04-15,12,103.78
B-2024-0922,Metformin,2025-10-27,2027-10-27,79,304.57
B-2023-0923,Amoxicillin,2025-10-26,2027-10-26,95,124.0
B-2024-0924,Dolo 650,2025-09-03,2027-09-03,95,317.92
B-2024-0925,Telmisartan,2024-11-30,2026-11-30,90,434.23
B-2023-0926,Amoxicillin,2024-04-04,2026-04-04,57,248.58
B-2023-0927,Aspirin,2024-02-01,2026-01-31,10,283.3
B-2024-0928,Ibuprofen,2024-01-07,2026-01-06,33,156.0
B-2024-0929,Cetirizine,2024-10-05,2026-10-05,21,431.28
B-2023-0930,Cetirizine,2024-10-06,2026-10-06,77,92.65
B-2023-0931,Cetirizine,2023-12-18,2025-12-17,84,368.23
B-2024-0932,Cipcal 500,2024-07-31,2026-07-31,65,21.36
B-2023-0933,Azithral,2025-10-11,2027-10-11,31,171.69
B-2024-0934,Ibuprofen,2024-11-26,2026-11-26,64,270.97
B-2023-0935,Paracetamol,2025-10-01,2027-10-01,60,429.83
B-2023-0936,Aspirin,2024-09-05,2026-09-05,63,138.79
B-2024-0937,Augmentin,2024-03-13,2026-03-13,100,439.09
B-2023-0938,Paracetamol,2024-02-21,2026-02-20,28,154.14
B-2024-0939,Aspirin,2024-09-30,2026-09-30,99,204.06
B-2024-0940,Dolo 650,2025-10-13,2027-10-13,13,465.53
B-2023-0941,Cipcal 500,2025-08-07,2027-08-07,100,59.27
B-2024-0942,Ibuprofen,2025-04-05,2027-04-05,53,71.64
B-2024-0943,Cipcal 500,2024-03-22,2026-03-22,48,374.77
B-2024-0944,Metformin,2025-11-21,2027-11-21,12,482.56
B-2023-0945,Aspirin,2024-11-07,2026-11-07,39,278.42
B-2024-0946,Amoxicillin,2025-06-27,2027-06-27,18,88.65
B-2023-0947,Cetirizine,2025-11-30,2027-11-30,72,45.27
B-2023-0948,Amoxicillin,2025-11-29,2027-11-29,41,440.8
B-2024-0949,Atorvastatin,2024-03-11,2026-03-11,49,333.96
B-2023-0950,Paracetamol,2025-07-06,2027-07-06,18,301.27
B-2023-0951,Dolo 650,2024-03-07,2026-03-07,69,452.79
B-2023-0952,Aspirin,2025-03-18,2027-03-18,89,402.82
B-2024-0953,Azithral,2024-10-04,2026-10-04,69,221.72
B-2024-0954,Azithral,2024-03-10,2026-03-10,15,408.84
B-2024-0955,Pantoprazole,2024-11-26,2026-11-26,23,299.52
B-2023-0956,Dolo 650,2025-06-21,2027-06-21,72,276.19
B-2024-0957,Metformin,2024-03-21,2026-03-21,51,208.81
B-2023-0958,Amoxicillin,2024-03-11,2026-03-11,86,466.72
B-2023-0959,Dolo 650,2024-12-06,2026-12-06,32,375.08
B-2024-0960,Pantoprazole,2025-07-12,2027-07-12,15,55.96
B-2024-0961,Pan 40,2025-10-16,2027-10-16,14,266.7
B-2023-0962,Telmisartan,2024-08-21,2026-08-21,61,181.16
B-2023-0963,Atorvastatin,2024-11-21,2026-11-21,63,219.42
B-2024-0964,Metformin,2025-08-04,2027-08-04,69,133.84
B-2024-0965,Telmisartan,2024-04-24,2026-04-24,14,94.23
B-2023-0966,Ibuprofen,2025-07-10,2027-07-10,90,473.29
B-2023-0967,Augmentin,2025-03-25,2027-03-25,73,494.24
B-2024-0968,Cetirizine,2024-03-15,2026-03-15,89,162.44
B-2023-0969,Domperidone,2025-09-26,2027-09-26,83,446.85
B-2024-0970,Paracetamol,2025-06-30,2027-06-30,82,477.8
B-2023-0971,Paracetamol,2025-08-19,2027-08-19,64,40.72
B-2024-0972,Aspirin,2024-05-15,2026-05-15,31,242.85
B-2023-0973,Paracetamol,2024-10-15,2026-10-15,28,394.16
B-2024-0974,Paracetamol,2025-04-13,2027-04-13,66,164.69
B-2023-0975,Ibuprofen,2024-12-06,2026-12-06,53,147.46
B-2023-0976,Augmentin,2024-07-25,2026-07-25,37,306.28
B-2023-0977,Telmisartan,2024-07-21,2026-07-21,28,272.36
B-2024-0978,Domperidone,2025-12-08,2027-12-08,58,475.08
B-2024-0979,Pan 40,2025-11-07,2027-11-07,28,334.72
B-2024-0980,Amoxicillin,2025-08-18,2027-08-18,34,374.71
B-2023-0981,Metformin,2024-02-17,2026-02-16,68,170.93
B-2023-0982,Azithral,2024-04-25,2026-04-25,39,208.03
B-2023-0983,Pantoprazole,2024-07-14,2026-07-14,58,259.91
B-2024-0984,Amoxicillin,2024-10-04,2026-10-04,13,411.32
B-2023-0985,Pan 40,2024-02-14,2026-02-13,17,487.97
B-2024-0986,Domperidone,2025-12-11,2027-12-11,10,476.38
B-2023-0987,Ibuprofen,2025-03-27,2027-03-27,51,499.76
B-2023-0988,Telmisartan,2024-07-11,2026-07-11,30,331.21
B-2023-0989,Aspirin,2025-09-29,2027-09-29,59,72.34
B-2023-0990,Telmisartan,2024-05-12,2026-05-12,82,400.52
B-2023-0991,Metformin,2024-06-18,2026-06-18,16,207.88
B-2023-0992,Azithral,2025-01-17,2027-01-17,68,456.5
B-2023-0993,Cetirizine,2024-04-20,2026-04-20,43,282.81
B-2024-0994,Cetirizine,2025-09-21,2027-09-21,97,389.1
B-2023-0995,Cipcal 500,2025-03-16,2027-03-16,97,412.76
B-2024-0996,Ibuprofen,2024-05-08,2026-05-08,67,422.59
B-2023-0997,Cipcal 500,2024-06-18,2026-06-18,30,17.02
B-2023-0998,Atorvastatin,2024-04-06,2026-04-06,32,219.22
B-2023-0999,Domperidone,2025-05-11,2027-05-11,40,402.97
