qty,unit_price,total_price,freight_price,product_score,month,product_category_name
59,134.29,7927.299999999999,4.19,4.5,5,Health_Beauty
48,121.92,5866.0199999999995,13.86,3.3,12,Pharma_OTC
67,48.38,3260.53,19.07,3.7,2,Personal_Care
40,182.07,7301.44,18.64,4.0,5,Health_Beauty
39,171.62,6702.35,9.17,3.1,4,Pharma_OTC
67,61.44,4136.459999999999,19.98,3.7,6,Personal_Care
61,73.68,4497.570000000001,3.09,4.3,4,Health_Beauty
62,45.13,2805.82,7.76,3.6,8,Health_Beauty
57,54.43,3113.7099999999996,11.2,4.6,7,Personal_Care
55,138.84,7641.05,4.85,3.8,11,Personal_Care
64,37.39,2407.4,14.44,3.6,1,Pharma_OTC
72,70.08,5055.92,10.16,4.8,11,Personal_Care
64,62.05,3987.0699999999997,15.87,4.9,7,Pharma_OTC
62,57.76,3591.63,10.51,3.1,8,Personal_Care
62,81.78,5075.57,5.21,4.0,10,Personal_Care
68,79.61,5428.0599999999995,14.58,4.2,7,Pharma_OTC
57,26.11,1495.85,7.58,4.2,7,Health_Beauty
41,177.55,7294.66,15.11,4.7,10,Pharma_OTC
50,148.75,7451.49,13.99,3.0,6,Personal_Care
51,185.79,9488.4,13.11,4.6,2,Personal_Care
49,147.02,7222.26,18.28,4.4,6,Pharma_OTC
43,191.04,8219.289999999999,4.57,4.0,6,Pharma_OTC
49,166.69,8182.499999999999,14.69,4.1,7,Personal_Care
36,186.08,6702.62,3.74,4.1,2,Health_Beauty
49,129.76,6377.48,19.24,3.6,8,Pharma_OTC
49,162.07,7951.889999999999,10.46,3.2,11,Pharma_OTC
36,199.15,7183.870000000001,14.47,3.2,3,Pharma_OTC
60,115.5,6946.79,16.79,3.0,11,Personal_Care
37,196.42,7270.0,2.46,3.3,5,Health_Beauty
65,12.56,835.49,19.09,3.7,3,Health_Beauty
73,39.95,2921.4700000000003,5.12,3.3,12,Pharma_OTC
58,43.35,2531.69,17.39,4.3,7,Health_Beauty
69,61.72,4265.530000000001,6.85,3.5,8,Pharma_OTC
53,35.64,1907.24,18.32,3.4,4,Health_Beauty
50,194.77,9751.41,12.91,4.2,11,Pharma_OTC
59,80.56,4758.53,5.49,3.8,2,Pharma_OTC
59,158.54,9359.319999999998,5.46,4.5,5,Pharma_OTC
73,46.66,3420.3999999999996,14.22,4.5,1,Health_Beauty
52,80.05,4179.339999999999,16.74,4.3,4,Pharma_OTC
44,124.32,5488.95,18.87,3.5,9,Pharma_OTC
67,47.34,3183.3700000000003,11.59,4.1,4,Pharma_OTC
33,193.05,6379.1900000000005,8.54,4.3,9,Health_Beauty
72,23.45,1700.03,11.63,3.3,6,Personal_Care
69,123.12,8505.630000000001,10.35,4.4,12,Personal_Care
48,139.48,6705.699999999999,10.66,4.1,1,Health_Beauty
55,67.8,3739.65,10.65,3.7,9,Health_Beauty
47,166.61,7842.950000000001,12.28,3.2,10,Pharma_OTC
64,98.7,6328.92,12.12,4.2,3,Health_Beauty
47,177.97,8370.99,6.4,4.1,4,Pharma_OTC
43,173.68,7486.750000000001,18.51,4.2,3,Personal_Care
50,171.26,8571.38,8.38,3.3,11,Personal_Care
52,167.1,8704.099999999999,14.9,4.7,6,Health_Beauty
60,113.81,6844.820000000001,16.22,3.7,12,Personal_Care
69,15.59,1091.66,15.95,3.6,2,Personal_Care
48,131.35,6321.65,16.85,4.2,5,Health_Beauty
71,60.83,4322.070000000001,3.14,3.8,11,Health_Beauty
34,175.38,5980.82,17.9,3.3,2,Pharma_OTC
58,112.69,6547.639999999999,11.62,3.6,2,Pharma_OTC
45,176.18,7945.46,17.36,3.8,11,Personal_Care
64,28.96,1866.71,13.27,3.8,5,Personal_Care
44,186.1,8201.58,13.18,3.7,12,Personal_Care
65,21.12,1390.81,18.01,3.1,1,Personal_Care
61,107.69,6579.81,10.72,3.4,12,Pharma_OTC
66,36.12,2397.3799999999997,13.46,3.9,1,Personal_Care
68,89.19,6079.08,14.16,4.3,3,Pharma_OTC
36,189.46,6826.34,5.78,4.1,9,Pharma_OTC
59,85.16,5041.04,16.6,4.8,10,Health_Beauty
60,61.71,3719.0,16.4,3.8,8,Health_Beauty
40,166.08,6654.77,11.57,4.1,5,Health_Beauty
55,142.88,7872.37,13.97,3.8,12,Health_Beauty
62,116.46,7238.389999999999,17.87,3.9,12,Personal_Care
50,159.55,7980.570000000001,3.07,3.1,11,Health_Beauty
67,110.22,7389.179999999999,4.44,4.1,11,Health_Beauty
60,36.29,2189.9100000000003,12.51,3.1,6,Personal_Care
57,72.86,4170.959999999999,17.94,3.4,5,Personal_Care
52,153.9,8013.16,10.36,4.8,6,Personal_Care
55,94.45,5206.94,12.19,3.8,6,Personal_Care
69,41.9,2900.88,9.78,3.2,3,Pharma_OTC
63,133.51,8429.699999999999,18.57,4.3,12,Personal_Care
52,57.41,3000.2499999999995,14.93,4.1,2,Personal_Care
66,102.53,6786.52,19.54,3.3,11,Pharma_OTC
42,154.16,6491.59,16.87,4.6,4,Health_Beauty
46,91.25,4204.56,7.06,3.2,3,Pharma_OTC
75,52.93,3983.23,13.48,4.8,12,Personal_Care
54,46.93,2552.72,18.5,5.0,9,Health_Beauty
50,144.92,7254.569999999999,8.57,3.9,3,Personal_Care
63,61.94,3914.75,12.53,4.5,9,Personal_Care
54,90.93,4916.79,6.57,4.2,6,Pharma_OTC
54,173.32,9371.679999999998,12.4,4.9,8,Personal_Care
52,167.4,8707.45,2.65,3.9,3,Health_Beauty
54,123.45,6673.9800000000005,7.68,3.8,10,Personal_Care
62,59.38,3691.54,9.98,4.8,8,Health_Beauty
67,83.07,5584.69,19.0,4.5,3,Health_Beauty
68,77.45,5282.240000000001,15.64,4.9,4,Pharma_OTC
37,191.52,7088.910000000001,2.67,3.4,10,Personal_Care
38,192.19,7314.16,10.94,3.8,1,Pharma_OTC
46,183.04,8429.28,9.44,3.1,11,Pharma_OTC
43,129.82,5596.57,14.31,3.3,3,Personal_Care
85,50.82,4335.639999999999,15.94,4.8,11,Pharma_OTC
70,24.21,1710.8400000000001,16.14,4.9,10,Pharma_OTC
46,169.3,7804.06,16.26,3.5,4,Personal_Care
53,98.86,5242.8099999999995,3.23,4.0,9,Personal_Care
59,77.94,4616.68,18.22,4.7,6,Pharma_OTC
68,78.92,5384.02,17.46,4.1,11,Health_Beauty
58,144.58,8395.080000000002,9.44,4.8,7,Pharma_OTC
61,105.14,6422.53,8.99,4.8,2,Personal_Care
43,165.26,7120.879999999999,14.7,3.7,7,Personal_Care
39,199.15,7782.29,15.44,4.1,9,Personal_Care
54,100.45,5440.9800000000005,16.68,4.7,3,Health_Beauty
62,116.55,7230.879999999999,4.78,4.7,4,Health_Beauty
64,43.39,2782.6,5.64,4.9,7,Personal_Care
55,157.89,8690.81,6.86,4.4,2,Health_Beauty
72,30.11,2179.2400000000002,11.32,4.5,4,Pharma_OTC
36,149.96,5401.68,3.12,3.2,10,Pharma_OTC
49,153.97,7556.5,11.97,5.0,2,Personal_Care
40,181.24,7267.150000000001,17.55,3.0,7,Health_Beauty
51,171.62,8760.87,8.25,4.8,8,Health_Beauty
66,57.98,3842.16,15.48,4.3,2,Personal_Care
66,85.87,5685.99,18.57,4.3,7,Health_Beauty
51,145.26,7419.239999999999,10.98,4.7,6,Health_Beauty
63,50.19,3180.72,18.75,4.3,4,Health_Beauty
57,63.27,3619.7100000000005,13.32,4.5,9,Health_Beauty
62,92.01,5708.16,3.54,3.3,8,Pharma_OTC
50,192.06,9620.93,17.93,4.9,9,Health_Beauty
39,177.49,6933.8,11.69,4.8,8,Pharma_OTC
63,37.29,2366.65,17.38,4.8,7,Health_Beauty
49,177.31,8695.4,7.21,3.9,6,Health_Beauty
50,154.63,7743.92,12.42,3.7,3,Pharma_OTC
74,27.86,2069.77,8.13,3.6,11,Pharma_OTC
58,67.3,3906.3099999999995,2.91,4.7,9,Personal_Care
39,184.42,7202.599999999999,10.22,3.8,2,Health_Beauty
78,47.6,3728.3900000000003,15.59,3.3,12,Health_Beauty
57,55.07,3145.69,6.7,4.3,4,Health_Beauty
89,38.16,3407.5899999999997,11.35,4.5,11,Personal_Care
32,192.28,6162.35,9.39,3.0,6,Pharma_OTC
88,24.86,2198.1299999999997,10.45,4.8,12,Health_Beauty
47,102.7,4837.370000000001,10.47,3.1,6,Personal_Care
62,62.02,3852.73,7.49,4.8,4,Pharma_OTC
73,87.17,6370.95,7.54,4.7,11,Health_Beauty
67,26.68,1807.32,19.76,4.3,2,Pharma_OTC
71,40.28,2862.44,2.56,4.8,6,Health_Beauty
68,46.81,3186.0,2.92,4.7,10,Personal_Care
57,40.04,2300.62,18.34,3.0,9,Pharma_OTC
50,85.95,4311.87,14.37,3.1,8,Health_Beauty
65,61.69,4020.47,10.62,4.9,3,Health_Beauty
66,43.71,2898.82,13.96,5.0,6,Personal_Care
73,56.35,4133.13,19.58,3.7,11,Personal_Care
43,144.09,6202.19,6.32,4.2,7,Health_Beauty
66,22.92,1532.07,19.35,3.9,9,Health_Beauty
64,27.17,1746.19,7.31,3.5,2,Personal_Care
73,13.72,1014.5300000000001,12.97,4.5,6,Personal_Care
48,191.55,9213.100000000002,18.7,4.8,1,Personal_Care
47,109.13,5139.83,10.72,4.8,8,Personal_Care
33,174.66,5775.0599999999995,11.28,3.2,3,Personal_Care
64,78.61,5036.36,5.32,4.5,6,Personal_Care
66,79.65,5273.370000000001,16.47,3.3,11,Personal_Care
49,174.25,8554.38,16.13,4.8,5,Health_Beauty
53,180.08,9556.35,12.11,3.5,7,Health_Beauty
77,10.76,837.1999999999999,8.68,4.8,7,Personal_Care
38,193.36,7365.89,18.21,4.7,10,Health_Beauty
49,176.56,8656.68,5.24,4.4,5,Personal_Care
64,34.62,2218.56,2.88,4.8,2,Health_Beauty
46,70.46,3257.06,15.9,3.6,1,Health_Beauty
71,36.85,2622.2799999999997,5.93,4.8,11,Personal_Care
43,138.52,5968.290000000001,11.93,4.5,6,Health_Beauty
75,48.19,3633.88,19.63,4.1,11,Personal_Care
77,111.53,8599.83,12.02,4.2,12,Health_Beauty
38,186.66,7098.01,4.93,3.2,6,Personal_Care
49,158.39,7779.62,18.51,3.6,5,Pharma_OTC
53,130.84,6938.09,3.57,4.1,5,Personal_Care
56,179.21,10049.550000000001,13.79,4.3,11,Personal_Care
34,195.5,6661.69,14.69,4.7,8,Pharma_OTC
36,195.3,7035.62,4.82,3.1,10,Pharma_OTC
50,143.01,7158.4,7.9,3.7,5,Personal_Care
49,118.18,5802.1,11.28,3.4,4,Personal_Care
35,182.59,6408.8,18.15,4.4,9,Personal_Care
57,122.74,7006.32,10.14,3.5,12,Pharma_OTC
40,184.78,7396.84,5.64,4.5,6,Pharma_OTC
69,32.88,2280.9700000000003,12.25,3.2,10,Pharma_OTC
59,171.6,10131.029999999999,6.63,3.9,12,Personal_Care
52,110.23,5736.9,4.94,3.2,7,Pharma_OTC
81,34.42,2793.91,5.89,4.4,11,Personal_Care
61,12.38,764.95,9.77,3.5,9,Personal_Care
71,104.66,7446.86,16.0,4.7,11,Pharma_OTC
56,125.44,7031.669999999999,7.03,4.8,1,Pharma_OTC
39,175.51,6860.95,16.06,4.2,3,Health_Beauty
58,193.29,11215.66,4.84,4.7,6,Health_Beauty
64,55.73,3582.6899999999996,15.97,3.2,8,Pharma_OTC
42,168.79,7102.94,13.76,3.1,2,Personal_Care
54,121.31,6563.5,12.76,4.5,9,Pharma_OTC
63,27.14,1712.49,2.67,3.4,3,Health_Beauty
40,182.18,7307.040000000001,19.84,4.0,10,Pharma_OTC
48,164.7,7915.039999999999,9.44,3.0,6,Personal_Care
50,140.77,7054.890000000001,16.39,4.6,5,Personal_Care
54,87.46,4733.8099999999995,10.97,3.4,7,Pharma_OTC
36,188.27,6791.54,13.82,4.3,3,Personal_Care
60,28.35,1708.92,7.92,3.7,5,Pharma_OTC
68,24.61,1688.3600000000001,14.88,4.6,10,Pharma_OTC
70,29.27,2053.1,4.2,4.7,10,Pharma_OTC
74,20.63,1531.4599999999998,4.84,4.3,3,Health_Beauty
48,90.99,4374.669999999999,7.15,3.4,6,Health_Beauty
68,91.12,6199.11,2.95,3.7,12,Personal_Care
41,102.43,4209.71,10.08,4.1,6,Health_Beauty
48,137.24,6601.18,13.66,4.3,5,Health_Beauty
51,180.44,9221.94,19.5,4.6,9,Personal_Care
68,58.57,3991.4900000000002,8.73,4.5,7,Pharma_OTC
57,122.26,6973.880000000001,5.06,4.0,6,Personal_Care
40,182.6,7306.16,2.16,4.1,9,Health_Beauty
51,112.67,5754.61,8.44,4.5,3,Personal_Care
48,188.52,9051.2,2.24,3.4,12,Personal_Care
62,61.65,3837.9999999999995,15.7,3.3,8,Health_Beauty
63,46.73,2947.7599999999998,3.77,4.4,10,Personal_Care
49,140.49,6892.58,8.57,4.3,6,Pharma_OTC
59,44.71,2647.35,9.46,3.7,3,Personal_Care
50,67.27,3381.68,18.18,4.7,10,Personal_Care
60,79.17,4758.7699999999995,8.57,4.6,6,Pharma_OTC
63,40.04,2526.94,4.42,4.5,4,Health_Beauty
59,30.42,1809.7400000000002,14.96,3.5,7,Personal_Care
42,174.88,7360.42,15.46,3.3,11,Health_Beauty
41,147.91,6081.74,17.43,4.1,4,Personal_Care
45,126.47,5696.389999999999,5.24,3.4,4,Pharma_OTC
67,43.2,2904.12,9.72,4.1,9,Personal_Care
83,11.53,970.9899999999999,14.0,4.6,3,Pharma_OTC
50,178.73,8950.16,13.66,4.2,1,Pharma_OTC
44,187.79,8275.42,12.66,4.1,2,Health_Beauty
48,106.54,5126.63,12.71,3.1,8,Pharma_OTC
48,118.91,5714.820000000001,7.14,4.1,8,Personal_Care
42,199.82,8410.86,18.42,3.7,11,Personal_Care
47,115.38,5440.0199999999995,17.16,3.0,4,Health_Beauty
47,165.22,7771.18,5.84,3.5,7,Health_Beauty
43,165.61,7125.040000000001,3.81,3.6,4,Pharma_OTC
45,106.52,4808.349999999999,14.95,3.2,9,Pharma_OTC
62,121.38,7534.929999999999,9.37,4.4,6,Personal_Care
64,67.27,4315.12,9.84,4.0,11,Health_Beauty
40,199.29,7987.329999999999,15.73,3.0,9,Health_Beauty
85,90.74,7720.48,7.58,4.9,11,Health_Beauty
42,194.7,8189.94,12.54,3.4,3,Pharma_OTC
45,159.12,7163.580000000001,3.18,3.3,1,Health_Beauty
35,152.09,5339.450000000001,16.3,3.5,3,Personal_Care
62,55.55,3454.2799999999997,10.18,4.4,8,Personal_Care
47,117.93,5553.2300000000005,10.52,3.1,10,Personal_Care
67,53.19,3572.03,8.3,4.5,7,Personal_Care
51,81.0,4142.92,11.92,3.2,7,Health_Beauty
60,82.68,4976.06,15.26,3.1,11,Pharma_OTC
76,105.62,8029.360000000001,2.24,4.7,12,Personal_Care
58,60.62,3519.4700000000003,3.51,4.6,5,Personal_Care
49,172.41,8450.26,2.17,4.8,10,Health_Beauty
48,171.83,8252.94,5.1,4.7,4,Pharma_OTC
39,191.49,7478.330000000001,10.22,3.4,8,Health_Beauty
47,103.01,4856.22,14.75,4.0,6,Pharma_OTC
65,142.07,9251.609999999999,17.06,4.9,3,Pharma_OTC
67,85.25,5726.04,14.29,3.3,3,Pharma_OTC
49,138.96,6825.67,16.63,4.2,2,Personal_Care
48,122.26,5876.570000000001,8.09,4.4,9,Health_Beauty
51,107.43,5485.01,6.08,4.5,8,Personal_Care
53,89.41,4755.629999999999,16.9,3.0,6,Pharma_OTC
56,109.02,6108.92,3.8,4.6,7,Pharma_OTC
58,74.9,4362.590000000001,18.39,4.7,9,Pharma_OTC
56,14.53,831.8599999999999,18.18,3.1,9,Pharma_OTC
48,157.4,7570.52,15.32,4.9,9,Personal_Care
35,175.08,6135.55,7.75,3.6,4,Health_Beauty
49,74.11,3638.4,7.01,3.3,8,Personal_Care
41,173.71,7132.360000000001,10.25,3.9,3,Health_Beauty
54,102.9,5571.67,15.07,3.2,2,Health_Beauty
40,136.5,5466.27,6.27,3.7,6,Pharma_OTC
62,42.92,2676.59,15.55,3.5,10,Personal_Care
56,65.79,3688.38,4.14,3.2,1,Pharma_OTC
51,152.49,7794.610000000001,17.62,4.1,5,Health_Beauty
67,37.88,2547.34,9.38,3.1,11,Health_Beauty
50,52.8,2655.24,15.24,3.8,1,Pharma_OTC
43,162.36,6986.870000000001,5.39,3.3,5,Health_Beauty
43,128.0,5507.4,3.4,3.3,2,Health_Beauty
45,132.05,5944.700000000001,2.45,3.0,5,Pharma_OTC
69,40.76,2819.26,6.82,4.5,9,Health_Beauty
63,53.81,3396.07,6.04,5.0,10,Personal_Care
51,147.96,7561.14,15.18,3.2,7,Health_Beauty
49,193.69,9508.42,17.61,3.6,9,Personal_Care
65,50.23,3283.41,18.46,4.3,10,Pharma_OTC
75,57.28,4302.2,6.2,4.3,10,Personal_Care
31,184.04,5719.88,14.64,3.2,3,Personal_Care
60,72.79,4371.13,3.73,3.8,10,Personal_Care
44,119.53,5272.429999999999,13.11,3.8,5,Personal_Care
62,61.57,3836.9700000000003,19.63,3.0,4,Health_Beauty
49,65.93,3242.8300000000004,12.26,4.4,6,Pharma_OTC
50,98.35,4925.57,8.07,3.0,8,Pharma_OTC
48,146.55,7044.960000000001,10.56,4.7,8,Pharma_OTC
71,75.86,5391.34,5.28,5.0,6,Pharma_OTC
52,175.55,9133.76,5.16,4.9,3,Personal_Care
57,26.01,1491.5700000000002,9.0,3.8,9,Health_Beauty
52,143.45,7462.599999999999,3.2,3.5,9,Health_Beauty
65,39.2,2550.3,2.3,3.4,5,Pharma_OTC
54,99.5,5376.06,3.06,3.8,6,Health_Beauty
52,163.08,8489.14,8.98,3.6,12,Pharma_OTC
55,58.53,3224.94,5.79,4.2,9,Personal_Care
68,58.35,3984.05,16.25,3.4,9,Pharma_OTC
76,17.4,1329.6299999999999,7.23,4.3,12,Personal_Care
46,166.3,7665.37,15.57,3.7,8,Health_Beauty
44,143.81,6339.780000000001,12.14,3.5,8,Health_Beauty
54,128.89,6979.66,19.6,4.2,6,Personal_Care
54,99.45,5386.45,16.15,4.4,2,Health_Beauty
39,178.44,6968.24,9.08,4.3,9,Personal_Care
60,50.69,3057.7799999999997,16.38,3.9,3,Personal_Care
47,199.59,9389.32,8.59,4.7,11,Personal_Care
37,191.75,7112.59,17.84,4.0,5,Personal_Care
57,126.74,7230.599999999999,6.42,3.4,7,Health_Beauty
53,106.1,5630.179999999999,6.88,4.0,5,Health_Beauty
60,88.18,5310.650000000001,19.85,4.8,5,Health_Beauty
46,159.17,7337.389999999999,15.57,3.7,1,Health_Beauty
60,36.63,2213.61,15.81,4.0,10,Personal_Care
52,105.12,5469.429999999999,3.19,5.0,1,Pharma_OTC
65,47.43,3085.81,2.86,3.2,3,Health_Beauty
54,181.18,9786.840000000002,3.12,4.6,12,Personal_Care
53,126.11,6697.62,13.79,3.8,4,Pharma_OTC
50,70.56,3537.8,9.8,3.7,6,Personal_Care
32,183.35,5886.5599999999995,19.36,3.7,5,Personal_Care
66,86.15,5705.410000000001,19.51,4.3,12,Health_Beauty
65,30.97,2029.99,16.94,4.5,7,Pharma_OTC
53,56.71,3009.8900000000003,4.26,3.5,3,Health_Beauty
35,179.63,6290.6900000000005,3.64,3.0,6,Personal_Care
44,192.64,8482.16,6.0,3.0,5,Pharma_OTC
59,71.94,4249.13,4.67,3.0,5,Personal_Care
61,44.35,2724.95,19.6,4.4,5,Pharma_OTC
59,185.05,10935.570000000002,17.62,4.3,12,Personal_Care
64,100.71,6454.73,9.29,4.0,11,Health_Beauty
49,177.45,8704.74,9.69,4.3,10,Health_Beauty
71,62.72,4470.13,17.01,5.0,7,Pharma_OTC
50,167.02,8355.73,4.73,3.9,11,Health_Beauty
44,107.71,4755.88,16.64,3.1,1,Personal_Care
62,78.47,4874.92,9.78,3.6,5,Health_Beauty
72,74.91,5412.389999999999,18.87,5.0,11,Health_Beauty
49,150.62,7392.36,11.98,4.0,9,Health_Beauty
62,52.44,3269.35,18.07,4.3,3,Personal_Care
68,28.38,1944.4599999999998,14.62,4.4,7,Personal_Care
62,81.47,5069.87,18.73,4.8,1,Personal_Care
55,199.33,10965.230000000001,2.08,4.6,11,Health_Beauty
54,136.88,7396.98,5.46,4.7,7,Health_Beauty
63,37.43,2371.9500000000003,13.86,3.2,10,Pharma_OTC
73,62.19,4550.38,10.51,4.8,12,Pharma_OTC
52,59.24,3092.68,12.2,3.3,4,Health_Beauty
46,175.94,8099.349999999999,6.11,3.9,6,Health_Beauty
55,174.54,9610.249999999998,10.55,4.8,11,Personal_Care
51,111.44,5685.86,2.42,3.3,7,Health_Beauty
62,83.78,5198.139999999999,3.78,3.8,2,Health_Beauty
75,10.18,768.79,5.29,4.2,9,Personal_Care
74,11.49,865.15,14.89,4.4,1,Pharma_OTC
61,95.15,5819.990000000001,15.84,4.0,9,Health_Beauty
46,156.41,7198.53,3.67,3.6,4,Pharma_OTC
49,170.0,8336.02,6.02,4.1,11,Personal_Care
83,51.81,4309.110000000001,8.88,4.6,11,Pharma_OTC
71,21.19,1512.69,8.2,4.9,8,Pharma_OTC
42,152.49,6421.76,17.18,3.8,8,Health_Beauty
56,121.51,6814.68,10.12,4.6,1,Personal_Care
57,63.2,3621.59,19.19,3.7,7,Pharma_OTC
44,156.02,6882.17,17.29,4.3,9,Health_Beauty
66,102.03,6740.080000000001,6.1,4.0,2,Pharma_OTC
33,186.06,6152.320000000001,12.34,3.7,2,Pharma_OTC
87,17.74,1556.59,13.21,4.0,12,Pharma_OTC
35,188.05,6589.86,8.11,3.9,2,Personal_Care
57,111.94,6396.47,15.89,4.5,3,Health_Beauty
64,29.49,1906.8,19.44,3.6,8,Health_Beauty
57,100.54,5740.51,9.73,3.4,4,Pharma_OTC
51,84.96,4345.45,12.49,4.8,2,Health_Beauty
41,153.21,6289.610000000001,8.0,4.5,7,Health_Beauty
50,168.37,8434.03,15.53,4.6,4,Pharma_OTC
48,168.55,8101.09,10.69,3.9,2,Health_Beauty
54,162.57,8796.449999999999,17.67,3.2,11,Personal_Care
66,10.96,740.0600000000001,16.7,4.4,7,Health_Beauty
55,156.89,8646.949999999999,18.0,4.6,3,Pharma_OTC
61,43.61,2675.41,15.2,4.0,3,Pharma_OTC
42,159.82,6726.16,13.72,3.3,4,Health_Beauty
66,63.61,4210.280000000001,12.02,4.7,5,Personal_Care
64,65.87,4225.700000000001,10.02,4.4,7,Personal_Care
72,13.04,953.3699999999999,14.49,3.7,1,Health_Beauty
49,183.57,9010.37,15.44,5.0,7,Personal_Care
50,134.46,6741.05,18.05,3.5,9,Health_Beauty
65,33.11,2158.39,6.24,4.2,7,Pharma_OTC
39,173.73,6787.209999999999,11.74,3.1,1,Personal_Care
72,27.61,1991.9,3.98,4.6,4,Pharma_OTC
65,139.25,9069.81,18.56,4.4,12,Health_Beauty
60,131.84,7917.780000000001,7.38,3.9,12,Health_Beauty
41,164.13,6742.98,13.65,3.5,8,Health_Beauty
56,148.09,8306.800000000001,13.76,4.1,12,Personal_Care
74,23.44,1747.0500000000002,12.49,3.3,11,Pharma_OTC
44,150.85,6654.24,16.84,4.2,3,Pharma_OTC
56,120.4,6756.1900000000005,13.79,4.9,4,Health_Beauty
61,115.0,7019.66,4.66,4.6,5,Personal_Care
60,92.37,5551.960000000001,9.76,4.2,5,Health_Beauty
60,15.56,939.78,6.18,3.8,8,Personal_Care
62,70.82,4401.48,10.64,3.1,10,Personal_Care
56,82.85,4657.5199999999995,17.92,3.5,8,Personal_Care
49,139.65,6858.030000000001,15.18,4.0,10,Pharma_OTC
35,199.38,6987.08,8.78,4.0,2,Personal_Care
39,163.67,6397.179999999999,14.05,3.3,4,Pharma_OTC
57,139.35,7955.37,12.42,4.7,7,Pharma_OTC
53,94.27,5009.549999999999,13.24,4.3,2,Health_Beauty
37,128.29,4753.0,6.27,3.1,5,Personal_Care
52,189.49,9857.66,4.18,4.0,11,Pharma_OTC
58,104.5,6078.73,17.73,5.0,6,Pharma_OTC
42,177.26,7447.61,2.69,4.0,9,Health_Beauty
58,100.43,5841.330000000001,16.39,3.7,1,Health_Beauty
63,19.76,1253.48,8.6,4.1,6,Pharma_OTC
48,107.76,5176.09,3.61,3.0,8,Pharma_OTC
66,53.24,3532.15,18.31,3.3,2,Personal_Care
57,118.5,6774.21,19.71,3.7,11,Health_Beauty
46,186.58,8589.35,6.67,4.9,4,Health_Beauty
54,85.23,4612.05,9.63,4.0,3,Pharma_OTC
49,32.37,1595.55,9.42,3.0,9,Health_Beauty
60,113.36,6809.38,7.78,4.1,11,Health_Beauty
36,180.95,6519.95,5.75,3.0,1,Pharma_OTC
54,68.93,3729.3900000000003,7.17,3.4,5,Health_Beauty
78,13.85,1090.8999999999999,10.6,4.9,9,Personal_Care
61,156.27,9537.29,4.82,4.9,12,Pharma_OTC
69,19.14,1326.63,5.97,4.9,3,Health_Beauty
59,110.45,6523.860000000001,7.31,4.3,9,Pharma_OTC
52,58.05,3023.48,4.88,3.2,6,Health_Beauty
68,89.97,6122.14,4.18,3.8,11,Pharma_OTC
57,68.43,3905.46,4.95,3.6,9,Health_Beauty
48,125.58,6030.64,2.8,4.1,1,Personal_Care
70,24.25,1711.64,14.14,3.4,12,Health_Beauty
69,47.01,3248.28,4.59,3.0,11,Personal_Care
59,34.79,2065.36,12.75,3.1,5,Health_Beauty
54,120.25,6500.61,7.11,3.7,10,Pharma_OTC
65,27.92,1829.8300000000002,15.03,4.4,6,Health_Beauty
58,24.92,1449.3000000000002,3.94,3.1,9,Health_Beauty
59,72.33,4282.38,14.91,3.8,6,Personal_Care
39,182.58,7138.4400000000005,17.82,4.6,5,Personal_Care
55,131.49,7239.080000000001,7.13,4.2,10,Pharma_OTC
47,113.35,5346.0,18.55,3.4,6,Pharma_OTC
64,88.41,5676.82,18.58,4.6,4,Health_Beauty
53,185.16,9827.47,13.99,4.8,9,Personal_Care
44,177.23,7802.849999999999,4.73,4.9,7,Health_Beauty
42,190.26,8001.27,10.35,4.3,4,Health_Beauty
50,62.61,3137.34,6.84,3.1,9,Pharma_OTC
56,112.53,6314.31,12.63,3.8,4,Personal_Care
49,104.67,5143.71,14.88,4.6,2,Health_Beauty
75,24.58,1848.6499999999999,5.15,3.6,11,Personal_Care
55,108.38,5980.83,19.93,3.7,8,Personal_Care
60,64.72,3886.6099999999997,3.41,4.9,4,Pharma_OTC
50,110.85,5551.57,9.07,3.5,10,Health_Beauty
83,71.49,5953.399999999999,19.73,5.0,11,Health_Beauty
54,112.6,6084.41,4.01,4.1,7,Pharma_OTC
76,31.23,2381.98,8.5,4.0,11,Pharma_OTC
48,135.86,6529.420000000001,8.14,3.5,5,Health_Beauty
50,142.71,7149.88,14.38,4.1,7,Personal_Care
48,150.98,7259.0599999999995,12.02,3.3,3,Pharma_OTC
54,101.35,5484.36,11.46,3.2,10,Pharma_OTC
49,120.14,5892.38,5.52,3.5,1,Health_Beauty
82,15.75,1304.92,13.42,4.3,11,Personal_Care
53,38.05,2033.5099999999998,16.86,3.8,2,Personal_Care
59,25.77,1540.16,19.73,3.9,9,Pharma_OTC
58,59.11,3437.4,9.02,3.2,2,Health_Beauty
48,142.75,6870.48,18.48,3.9,3,Health_Beauty
46,120.26,5545.97,14.01,3.8,9,Personal_Care
76,58.35,4441.42,6.82,4.0,11,Health_Beauty
48,103.13,4955.17,4.93,4.7,10,Pharma_OTC
77,144.27,11124.730000000001,15.94,5.0,12,Health_Beauty
62,81.44,5052.349999999999,3.07,3.4,12,Personal_Care
71,35.7,2542.0200000000004,7.32,4.9,1,Personal_Care
46,124.36,5729.13,8.57,3.5,2,Personal_Care
81,31.98,2598.29,7.91,5.0,12,Pharma_OTC
49,101.8,4993.58,5.38,3.1,7,Pharma_OTC
50,141.23,7072.489999999999,10.99,3.6,10,Pharma_OTC
47,178.72,8402.32,2.48,3.7,11,Pharma_OTC
47,142.88,6721.599999999999,6.24,4.4,1,Pharma_OTC
61,55.19,3382.7699999999995,16.18,3.0,12,Health_Beauty
76,81.1,6177.49,13.89,4.8,12,Personal_Care
54,49.46,2672.84,2.0,3.9,9,Health_Beauty
62,122.69,7615.3099999999995,8.53,4.5,4,Health_Beauty
47,141.52,6667.92,16.48,3.9,1,Health_Beauty
54,49.81,2705.0000000000005,15.26,4.0,3,Pharma_OTC
46,103.44,4775.54,17.3,3.5,9,Health_Beauty
57,133.77,7639.570000000001,14.68,3.8,12,Health_Beauty
59,27.71,1645.0900000000001,10.2,4.2,2,Health_Beauty
48,101.49,4874.94,3.42,3.5,4,Pharma_OTC
61,14.58,904.25,14.87,3.1,6,Health_Beauty
51,103.77,5308.959999999999,16.69,3.7,3,Pharma_OTC
47,171.04,8049.499999999999,10.62,3.5,9,Health_Beauty
50,86.75,4348.09,10.59,4.1,9,Health_Beauty
43,147.26,6351.409999999999,19.23,4.0,7,Health_Beauty
58,131.98,7658.669999999999,3.83,3.8,12,Health_Beauty
44,95.89,4236.79,17.63,3.3,8,Personal_Care
40,181.27,7270.71,19.91,3.3,11,Personal_Care
61,129.11,7885.200000000001,9.49,3.7,11,Pharma_OTC
49,97.63,4794.13,10.26,4.0,8,Personal_Care
54,54.85,2978.76,16.86,3.3,2,Personal_Care
52,89.33,4664.32,19.16,3.2,4,Personal_Care
48,171.26,8228.08,7.6,4.2,6,Health_Beauty
63,28.59,1810.8500000000001,9.68,3.6,5,Personal_Care
64,89.01,5709.58,12.94,3.9,9,Personal_Care
46,187.91,8653.49,9.63,4.8,7,Personal_Care
69,16.19,1124.0000000000002,6.89,3.9,10,Pharma_OTC
54,67.76,3664.2400000000002,5.2,3.8,8,Health_Beauty
48,170.97,8225.63,19.07,4.3,7,Personal_Care
50,113.5,5693.96,18.96,4.5,8,Personal_Care
60,19.4,1182.46,18.46,3.5,6,Health_Beauty
49,147.23,7218.86,4.59,4.0,1,Health_Beauty
61,139.76,8539.759999999998,14.4,3.2,12,Pharma_OTC
49,125.69,6173.749999999999,14.94,3.4,8,Health_Beauty
22,188.28,4152.5199999999995,10.36,3.1,9,Health_Beauty
62,29.54,1849.91,18.43,3.7,6,Health_Beauty
48,104.82,5037.67,6.31,3.8,2,Pharma_OTC
49,144.31,7076.4800000000005,5.29,3.7,10,Pharma_OTC
55,84.54,4658.660000000001,8.96,4.8,4,Health_Beauty
37,119.23,4426.29,14.78,4.3,2,Pharma_OTC
48,142.55,6847.420000000001,5.02,4.5,5,Health_Beauty
47,96.87,4558.6,5.71,3.5,1,Personal_Care
61,94.86,5788.66,2.2,4.9,5,Personal_Care
56,101.58,5693.2699999999995,4.79,4.1,4,Personal_Care
42,179.11,7536.010000000001,13.39,4.5,3,Pharma_OTC
40,174.91,7007.639999999999,11.24,3.4,5,Personal_Care
66,32.23,2131.54,4.36,4.7,8,Personal_Care
59,118.14,6981.13,10.87,5.0,3,Pharma_OTC
46,120.43,5554.210000000001,14.43,4.1,7,Personal_Care
62,97.47,6051.14,8.0,3.2,11,Personal_Care
49,133.27,6537.780000000001,7.55,3.5,10,Personal_Care
63,56.96,3601.2,12.72,3.3,2,Health_Beauty
55,101.56,5594.320000000001,8.52,3.4,7,Pharma_OTC
64,65.9,4236.0,18.4,5.0,7,Personal_Care
80,35.84,2871.09,3.89,3.5,11,Health_Beauty
58,129.12,7506.05,17.09,5.0,10,Personal_Care
51,196.34,10027.08,13.74,4.3,11,Pharma_OTC
68,51.35,3501.38,9.58,4.1,12,Personal_Care
52,64.72,3376.8,11.36,3.2,1,Personal_Care
53,82.27,4364.7,4.39,4.4,9,Personal_Care
37,159.5,5916.41,14.91,3.7,3,Pharma_OTC
44,168.18,7415.25,15.33,3.1,1,Health_Beauty
45,162.07,7309.839999999999,16.69,4.5,8,Personal_Care
38,196.35,7473.31,12.01,3.5,5,Pharma_OTC
40,197.97,7922.150000000001,3.35,4.8,1,Pharma_OTC
59,98.3,5806.58,6.88,3.7,2,Pharma_OTC
49,134.79,6610.79,6.08,3.9,3,Personal_Care
72,18.29,1327.82,10.94,5.0,4,Health_Beauty
47,162.21,7640.9800000000005,17.11,3.3,11,Health_Beauty
41,165.93,6819.5,16.37,3.0,2,Health_Beauty
51,128.1,6549.2,16.1,4.4,2,Personal_Care
38,173.32,6599.93,13.77,3.7,4,Personal_Care
58,124.5,7240.46,19.46,4.7,9,Personal_Care
64,15.16,979.97,9.73,3.3,5,Personal_Care
69,33.05,2286.37,5.92,3.2,11,Personal_Care
57,102.18,5835.2300000000005,10.97,3.4,2,Pharma_OTC
56,110.6,6199.999999999999,6.4,4.4,7,Health_Beauty
41,153.05,6292.41,17.36,4.6,6,Health_Beauty
54,114.31,6187.29,14.55,4.6,9,Personal_Care
44,179.31,7906.76,17.12,4.0,5,Health_Beauty
58,160.42,9314.39,10.03,4.2,12,Pharma_OTC
55,149.58,8229.720000000001,2.82,4.4,6,Health_Beauty
44,117.82,5202.73,18.65,3.8,1,Pharma_OTC
57,79.95,4565.35,8.2,3.4,4,Personal_Care
75,84.39,6332.47,3.22,4.2,12,Pharma_OTC
51,136.13,6953.03,10.4,3.8,2,Personal_Care
58,106.47,6178.64,3.38,4.3,10,Health_Beauty
58,135.61,7883.9000000000015,18.52,3.9,12,Pharma_OTC
40,166.18,6658.43,11.23,3.5,1,Health_Beauty
57,47.48,2708.5099999999998,2.15,3.3,2,Pharma_OTC
53,45.94,2444.2099999999996,9.39,3.2,1,Pharma_OTC
54,142.03,7679.17,9.55,3.5,2,Personal_Care
65,43.28,2820.2100000000005,7.01,4.5,3,Personal_Care
72,11.38,833.71,14.35,4.3,1,Health_Beauty
36,194.52,7017.84,15.12,3.2,2,Health_Beauty
63,25.95,1644.58,9.73,3.6,3,Health_Beauty
51,75.87,3881.7100000000005,12.34,3.5,6,Personal_Care
64,34.89,2243.76,10.8,4.9,8,Pharma_OTC
47,72.44,3415.6499999999996,10.97,3.7,1,Pharma_OTC
69,18.07,1266.54,19.71,4.7,7,Personal_Care
56,104.68,5869.54,7.46,3.6,5,Personal_Care
77,32.9,2546.91,13.61,3.6,12,Personal_Care
56,102.98,5778.58,11.7,3.5,5,Pharma_OTC
71,45.38,3225.1,3.12,4.6,10,Personal_Care
46,164.46,7574.030000000001,8.87,4.9,4,Health_Beauty
69,17.1,1195.96,16.06,3.1,9,Pharma_OTC
54,111.55,6032.929999999999,9.23,4.4,4,Personal_Care
50,92.27,4624.08,10.58,3.5,2,Pharma_OTC
63,148.03,9327.93,2.04,4.5,11,Health_Beauty
40,182.23,7294.61,5.41,4.3,7,Pharma_OTC
67,66.9,4488.24,5.94,4.8,8,Pharma_OTC
61,109.18,6679.290000000001,19.31,3.8,7,Health_Beauty
43,169.05,7274.750000000001,5.6,4.0,8,Pharma_OTC
65,15.25,1001.01,9.76,4.2,2,Health_Beauty
54,148.35,8018.099999999999,7.2,5.0,2,Personal_Care
47,143.84,6770.830000000001,10.35,3.0,4,Health_Beauty
48,193.49,9294.28,6.76,4.5,1,Pharma_OTC
60,41.43,2505.7400000000002,19.94,3.1,6,Health_Beauty
59,143.86,8498.440000000002,10.7,5.0,10,Pharma_OTC
83,37.23,3107.6099999999997,17.52,4.8,12,Health_Beauty
44,168.96,7450.35,16.11,4.6,5,Health_Beauty
51,131.15,6696.670000000001,8.02,3.7,3,Pharma_OTC
55,117.02,6447.339999999999,11.24,3.5,10,Personal_Care
52,86.97,4542.4,19.96,3.2,6,Pharma_OTC
62,32.08,2002.09,13.13,4.0,8,Pharma_OTC
69,36.75,2546.47,10.72,4.6,4,Personal_Care
41,143.18,5872.83,2.45,3.3,5,Health_Beauty
56,110.78,6220.900000000001,17.22,4.3,11,Pharma_OTC
55,102.53,5646.57,7.42,4.4,3,Health_Beauty
60,21.77,1323.56,17.36,3.6,10,Health_Beauty
46,105.31,4847.49,3.23,4.1,9,Pharma_OTC
63,32.18,2036.3,8.96,3.8,4,Pharma_OTC
61,176.9,10804.279999999999,13.38,3.9,12,Personal_Care
67,93.95,6298.330000000001,3.68,3.8,11,Health_Beauty
39,193.24,7546.280000000001,9.92,4.4,7,Pharma_OTC
38,178.9,6813.01,14.81,4.0,2,Health_Beauty
67,77.92,5233.01,12.37,4.7,10,Health_Beauty
48,181.25,8702.24,2.24,4.9,3,Personal_Care
42,167.33,7040.59,12.73,3.4,4,Personal_Care
74,45.21,3362.56,17.02,3.8,12,Health_Beauty
70,67.0,4703.71,13.71,4.6,4,Personal_Care
43,194.18,8367.98,18.24,3.3,1,Personal_Care
54,100.76,5445.0199999999995,3.98,3.2,7,Personal_Care
71,77.64,5529.21,16.77,3.8,12,Pharma_OTC
36,197.62,7117.7699999999995,3.45,3.8,5,Personal_Care
65,38.96,2543.1800000000003,10.78,4.6,10,Pharma_OTC
59,19.23,1146.34,11.77,3.9,9,Health_Beauty
37,176.38,6532.61,6.55,3.2,9,Personal_Care
55,111.04,6110.220000000001,3.02,3.8,12,Personal_Care
73,44.0,3226.88,14.88,4.8,6,Health_Beauty
42,158.34,6667.08,16.8,3.6,2,Pharma_OTC
47,160.55,7550.08,4.23,4.7,5,Pharma_OTC
45,118.63,5354.2,15.85,3.0,12,Health_Beauty
57,104.34,5951.9400000000005,4.56,3.3,7,Health_Beauty
57,82.81,4732.7300000000005,12.56,4.3,3,Health_Beauty
61,107.85,6583.299999999999,4.45,4.2,4,Pharma_OTC
48,183.91,8830.050000000001,2.37,4.1,12,Health_Beauty
57,113.0,6457.12,16.12,4.2,2,Health_Beauty
47,127.19,5983.9800000000005,6.05,3.5,1,Personal_Care
58,10.37,610.5699999999999,9.11,3.6,10,Health_Beauty
56,86.11,4828.73,6.57,3.2,1,Personal_Care
58,68.95,4001.6500000000005,2.55,4.1,2,Personal_Care
45,158.01,7122.51,12.06,3.4,8,Health_Beauty
72,74.71,5385.76,6.64,4.1,11,Personal_Care
79,35.43,2817.1699999999996,18.2,4.5,12,Personal_Care
45,128.61,5805.950000000001,18.5,3.7,9,Pharma_OTC
67,69.07,4646.599999999999,18.91,4.1,12,Pharma_OTC
34,157.58,5363.240000000001,5.52,3.9,3,Pharma_OTC
52,112.51,5867.780000000001,17.26,3.5,7,Health_Beauty
51,128.97,6592.88,15.41,3.7,4,Health_Beauty
53,129.31,6860.530000000001,7.1,4.7,1,Pharma_OTC
65,34.47,2253.8399999999997,13.29,3.0,9,Health_Beauty
60,69.57,4176.32,2.12,4.8,4,Personal_Care
48,112.28,5395.320000000001,5.88,4.5,9,Health_Beauty
71,12.59,912.64,18.75,3.2,1,Personal_Care
46,112.25,5177.39,13.89,3.5,3,Pharma_OTC
51,141.57,7223.61,3.54,3.8,10,Health_Beauty
53,97.17,5160.55,10.54,3.2,9,Pharma_OTC
46,183.85,8465.82,8.72,4.3,7,Pharma_OTC
42,151.23,6369.73,18.07,3.5,11,Pharma_OTC
44,121.94,5373.54,8.18,3.1,2,Pharma_OTC
38,172.25,6547.74,2.24,3.8,8,Health_Beauty
57,71.0,4051.73,4.73,4.5,5,Personal_Care
66,44.68,2966.73,17.85,4.6,1,Health_Beauty
51,110.56,5647.93,9.37,3.7,9,Health_Beauty
70,45.68,3215.56,17.96,4.0,5,Health_Beauty
57,65.97,3765.93,5.64,4.7,4,Pharma_OTC
55,137.87,7594.34,11.49,3.2,11,Personal_Care
57,152.26,8686.74,7.92,4.9,8,Personal_Care
73,16.06,1185.9499999999998,13.57,4.8,10,Health_Beauty
34,196.23,6685.75,13.93,3.4,3,Personal_Care
67,40.79,2735.5,2.57,4.7,9,Personal_Care
71,35.64,2550.09,19.65,4.4,8,Pharma_OTC
56,99.54,5580.660000000001,6.42,4.5,1,Health_Beauty
45,173.08,7797.1900000000005,8.59,4.6,8,Health_Beauty
51,140.54,7179.5,11.96,5.0,7,Personal_Care
76,29.55,2259.92,14.12,4.4,8,Pharma_OTC
32,172.15,5516.72,7.92,3.6,7,Pharma_OTC
57,27.97,1601.98,7.69,3.6,5,Pharma_OTC
45,140.07,6317.0,13.85,3.1,3,Pharma_OTC
53,126.93,6742.55,15.26,4.9,6,Pharma_OTC
41,149.32,6137.15,15.03,3.1,7,Personal_Care
47,115.72,5456.21,17.37,4.1,2,Pharma_OTC
61,78.42,4789.59,5.97,4.6,8,Health_Beauty
61,90.21,5511.839999999999,9.03,3.5,1,Personal_Care
44,152.18,6699.35,3.43,3.6,5,Personal_Care
41,178.72,7345.86,18.34,4.3,3,Personal_Care
39,177.03,6913.89,9.72,3.5,8,Health_Beauty
57,114.52,6536.57,8.93,3.3,12,Pharma_OTC
71,29.76,2130.85,17.89,4.9,7,Health_Beauty
72,65.04,4685.35,2.47,4.7,8,Health_Beauty
57,85.83,4907.839999999999,15.53,3.8,5,Personal_Care
39,178.78,6987.64,15.22,4.9,8,Personal_Care
63,79.51,5022.4800000000005,13.35,4.8,5,Health_Beauty
50,196.89,9848.08,3.58,4.6,12,Personal_Care
73,14.57,1071.98,8.37,4.7,1,Personal_Care
32,170.98,5483.679999999999,12.32,4.3,9,Personal_Care
79,36.73,2917.8899999999994,16.22,4.9,11,Health_Beauty
38,159.09,6053.09,7.67,3.2,2,Pharma_OTC
65,20.31,1327.33,7.18,3.3,7,Pharma_OTC
35,154.86,5433.820000000001,13.72,3.1,6,Personal_Care
41,174.95,7188.0,15.05,3.6,3,Pharma_OTC
61,118.53,7241.76,11.43,4.9,11,Personal_Care
44,190.5,8386.28,4.28,4.2,1,Pharma_OTC
72,16.12,1162.73,2.09,3.9,11,Health_Beauty
47,144.74,6806.670000000001,3.89,4.3,3,Health_Beauty
50,61.79,3106.73,17.23,3.3,5,Personal_Care
50,135.34,6782.46,15.46,4.4,3,Health_Beauty
48,176.93,8509.41,16.77,4.4,9,Health_Beauty
62,69.91,4347.16,12.74,3.2,4,Pharma_OTC
45,96.22,4334.32,4.42,4.2,7,Pharma_OTC
70,18.88,1331.52,9.92,4.9,10,Personal_Care
62,137.68,8556.039999999999,19.88,4.7,1,Personal_Care
51,183.17,9352.84,11.17,4.7,7,Pharma_OTC
57,39.94,2288.79,12.21,3.7,8,Health_Beauty
55,70.4,3891.7200000000003,19.72,3.0,4,Pharma_OTC
61,87.38,5340.23,10.05,3.6,5,Personal_Care
52,48.03,2510.89,13.33,3.4,7,Health_Beauty
66,11.54,770.68,9.04,5.0,6,Personal_Care
46,135.33,6234.51,9.33,3.5,6,Pharma_OTC
53,172.75,9170.29,14.54,3.9,12,Pharma_OTC
47,173.67,8164.929999999999,2.44,4.1,9,Health_Beauty
48,168.05,8071.280000000001,4.88,4.9,1,Personal_Care
46,166.98,7698.49,17.41,5.0,2,Pharma_OTC
61,50.64,3098.09,9.05,3.6,2,Health_Beauty
44,141.08,6221.21,13.69,4.4,4,Health_Beauty
61,122.18,7472.1,19.12,4.7,10,Personal_Care
82,40.14,3306.22,14.74,3.6,12,Health_Beauty
47,148.5,6989.87,10.37,3.2,10,Pharma_OTC
49,174.75,8580.53,17.78,4.3,10,Pharma_OTC
58,72.41,4215.98,16.2,3.5,10,Personal_Care
62,51.31,3197.1600000000003,15.94,4.2,3,Personal_Care
66,63.98,4228.19,5.51,4.3,10,Health_Beauty
61,43.19,2645.24,10.65,3.1,1,Personal_Care
48,94.36,4534.3,5.02,3.1,8,Personal_Care
56,172.06,9638.050000000001,2.69,4.3,11,Personal_Care
64,42.46,2730.54,13.1,4.0,10,Personal_Care
38,151.44,5768.13,13.41,3.5,2,Health_Beauty
53,165.49,8775.730000000001,4.76,4.9,6,Personal_Care
48,101.86,4892.61,3.33,4.3,6,Pharma_OTC
55,115.44,6359.11,9.91,4.3,5,Health_Beauty
47,162.83,7660.46,7.45,4.4,4,Personal_Care
68,61.41,4180.75,4.87,4.8,4,Health_Beauty
57,88.28,5034.7300000000005,2.77,3.7,5,Pharma_OTC
66,77.84,5155.59,18.15,3.3,11,Personal_Care
54,84.66,4581.919999999999,10.28,3.6,10,Pharma_OTC
41,170.78,7019.360000000001,17.38,3.7,7,Pharma_OTC
57,103.22,5894.08,10.54,4.1,7,Health_Beauty
42,140.65,5910.71,3.41,4.2,1,Pharma_OTC
61,163.36,9969.880000000001,4.92,4.6,11,Pharma_OTC
61,190.72,11650.48,16.56,4.6,12,Personal_Care
61,21.05,1296.48,12.43,3.7,4,Pharma_OTC
60,131.21,7889.08,16.48,3.5,5,Health_Beauty
44,130.79,5765.889999999999,11.13,3.6,1,Pharma_OTC
51,115.83,5910.48,3.15,4.3,4,Pharma_OTC
60,118.26,7105.81,10.21,4.4,1,Health_Beauty
55,50.99,2816.3500000000004,11.9,3.4,3,Personal_Care
60,25.72,1562.2299999999998,19.03,3.2,2,Personal_Care
38,169.25,6439.72,8.22,3.8,3,Pharma_OTC
50,170.11,8514.99,9.49,4.3,9,Personal_Care
57,60.0,3427.44,7.44,3.6,2,Personal_Care
69,53.72,3719.1699999999996,12.49,4.9,9,Personal_Care
40,115.5,4635.63,15.63,3.0,2,Personal_Care
58,138.91,8066.63,9.85,4.8,6,Personal_Care
50,168.58,8431.81,2.81,3.7,11,Health_Beauty
57,115.78,6619.46,20.0,4.8,6,Personal_Care
55,99.84,5509.59,18.39,3.5,8,Personal_Care
65,42.93,2798.45,8.0,4.4,9,Personal_Care
74,12.19,906.9599999999999,4.9,4.9,6,Health_Beauty
27,160.67,4341.349999999999,3.26,3.2,10,Health_Beauty
72,101.72,7340.7,16.86,4.1,12,Personal_Care
46,149.34,6885.33,15.69,4.0,5,Health_Beauty
36,190.03,6844.19,3.11,4.0,6,Pharma_OTC
72,66.43,4785.730000000001,2.77,4.4,11,Pharma_OTC
69,46.69,3237.1899999999996,15.58,3.8,1,Pharma_OTC
53,19.14,1028.01,13.59,3.3,6,Personal_Care
46,99.84,4605.64,13.0,3.7,7,Personal_Care
55,67.1,3700.8299999999995,10.33,4.7,5,Personal_Care
47,193.27,9090.65,6.96,3.6,12,Pharma_OTC
60,82.16,4941.4,11.8,3.7,8,Personal_Care
46,118.87,5487.160000000001,19.14,3.7,7,Health_Beauty
42,180.62,7596.23,10.19,3.1,4,Health_Beauty
50,71.46,3577.9899999999993,4.99,3.5,8,Health_Beauty
53,128.24,6799.14,2.42,3.3,1,Health_Beauty
77,11.73,920.01,16.8,4.9,3,Personal_Care
52,67.11,3494.1,4.38,3.3,9,Personal_Care
75,15.42,1175.96,19.46,4.8,1,Health_Beauty
49,124.54,6107.74,5.28,4.8,9,Health_Beauty
50,92.46,4626.88,3.88,3.9,3,Health_Beauty
58,80.54,4678.210000000001,6.89,4.4,5,Personal_Care
56,146.52,8219.910000000002,14.79,4.9,6,Pharma_OTC
62,108.11,6722.7,19.88,3.7,6,Pharma_OTC
77,43.34,3353.2500000000005,16.07,4.3,11,Health_Beauty
48,134.69,6482.51,17.39,3.2,6,Pharma_OTC
71,34.48,2452.13,4.05,4.3,8,Health_Beauty
76,40.46,3081.9700000000003,7.01,5.0,1,Personal_Care
75,19.85,1497.53,8.78,4.7,6,Pharma_OTC
34,156.76,5335.2300000000005,5.39,3.1,2,Health_Beauty
39,187.17,7312.5199999999995,12.89,3.2,10,Personal_Care
60,12.92,777.4300000000001,2.23,3.6,1,Health_Beauty
54,140.31,7588.5,11.76,4.3,6,Health_Beauty
66,77.57,5133.15,13.53,4.8,3,Personal_Care
35,177.55,6230.8,16.55,3.0,7,Pharma_OTC
37,197.56,7315.990000000001,6.27,3.2,9,Pharma_OTC
72,23.25,1682.41,8.41,3.6,12,Personal_Care
59,59.39,3513.4300000000003,9.42,3.3,1,Personal_Care
40,187.79,7523.589999999999,11.99,4.2,8,Pharma_OTC
56,85.41,4787.55,4.59,4.6,3,Pharma_OTC
44,161.49,7120.820000000001,15.26,4.4,2,Health_Beauty
67,59.19,3974.65,8.92,3.2,12,Health_Beauty
61,109.98,6713.120000000001,4.34,4.5,6,Health_Beauty
43,157.89,6802.82,13.55,3.9,12,Pharma_OTC
77,90.63,6987.57,9.06,4.8,12,Health_Beauty
43,190.01,8185.389999999999,14.96,3.2,7,Pharma_OTC
70,78.13,5482.299999999999,13.2,5.0,3,Health_Beauty
47,173.11,8148.670000000001,12.5,3.5,2,Personal_Care
69,39.37,2734.45,17.92,4.4,4,Health_Beauty
56,122.92,6900.030000000001,16.51,3.3,11,Personal_Care
49,148.18,7270.150000000001,9.33,3.8,11,Health_Beauty
64,18.12,1165.76,6.08,3.2,3,Health_Beauty
49,124.89,6136.2699999999995,16.66,3.9,1,Pharma_OTC
57,74.72,4277.34,18.3,3.1,5,Pharma_OTC
43,175.62,7567.17,15.51,5.0,1,Personal_Care
60,57.78,3476.05,9.25,3.7,10,Pharma_OTC
64,62.14,3987.61,10.65,4.1,9,Health_Beauty
58,127.41,7402.53,12.75,4.7,8,Health_Beauty
85,44.75,3817.32,13.57,3.9,11,Health_Beauty
38,166.59,6340.51,10.09,3.7,8,Health_Beauty
64,86.79,5574.09,19.53,4.9,6,Health_Beauty
67,95.23,6400.3099999999995,19.9,4.6,5,Health_Beauty
70,50.44,3534.3999999999996,3.6,3.5,11,Personal_Care
49,108.36,5328.37,18.73,4.4,8,Pharma_OTC
60,111.63,6708.249999999999,10.45,4.5,3,Personal_Care
44,166.42,7336.099999999999,13.62,3.1,9,Health_Beauty
32,183.34,5876.900000000001,10.02,3.7,10,Health_Beauty
56,106.72,5984.42,8.1,4.5,7,Health_Beauty
52,111.76,5819.540000000001,8.02,3.4,8,Personal_Care
45,179.95,8107.079999999999,9.33,4.4,6,Personal_Care
48,172.45,8293.249999999998,15.65,5.0,7,Health_Beauty
76,13.15,1006.67,7.27,4.0,12,Pharma_OTC
57,78.81,4508.07,15.9,3.7,2,Pharma_OTC
48,182.25,8767.36,19.36,3.0,11,Personal_Care
53,100.69,5344.259999999999,7.69,3.0,2,Personal_Care
56,166.27,9328.240000000002,17.12,4.8,11,Pharma_OTC
36,175.02,6309.72,9.0,3.7,7,Pharma_OTC
68,19.47,1329.56,5.6,4.6,1,Pharma_OTC
61,82.7,5062.139999999999,17.44,3.7,2,Health_Beauty
70,106.93,7488.860000000001,3.76,4.7,11,Health_Beauty
54,105.19,5694.16,13.9,3.8,4,Pharma_OTC
39,145.2,5681.969999999999,19.17,3.6,6,Health_Beauty
58,81.74,4756.86,15.94,4.5,6,Pharma_OTC
41,143.45,5893.349999999999,11.9,3.2,8,Pharma_OTC
58,63.92,3716.85,9.49,3.4,8,Personal_Care
70,38.96,2732.9,5.7,4.5,2,Health_Beauty
77,11.07,869.53,17.14,4.2,1,Pharma_OTC
37,195.6,7240.23,3.03,3.6,5,Health_Beauty
57,136.15,7765.64,5.09,4.9,4,Pharma_OTC
62,12.47,789.24,16.1,3.7,3,Health_Beauty
47,165.83,7799.610000000001,5.6,4.4,7,Personal_Care
59,99.94,5905.87,9.41,4.5,4,Health_Beauty
67,64.17,4318.47,19.08,3.0,6,Health_Beauty
63,46.77,2962.59,16.08,3.6,6,Health_Beauty
51,90.31,4619.860000000001,14.05,3.6,10,Pharma_OTC
43,156.86,6761.740000000001,16.76,4.8,6,Personal_Care
51,141.02,7206.42,14.4,4.3,6,Health_Beauty
54,158.99,8598.79,13.33,4.7,12,Pharma_OTC
38,187.46,7132.740000000001,9.26,4.4,4,Health_Beauty
84,10.4,891.1,17.5,4.3,11,Pharma_OTC
54,83.19,4504.51,12.25,3.7,4,Pharma_OTC
36,193.54,6975.54,8.1,3.2,10,Personal_Care
63,70.39,4439.73,5.16,4.6,1,Health_Beauty
48,127.34,6131.13,18.81,4.7,10,Pharma_OTC
44,129.74,5712.490000000001,3.93,4.4,5,Personal_Care
49,79.65,3915.6700000000005,12.82,3.6,10,Pharma_OTC
37,123.88,4592.799999999999,9.24,3.1,3,Personal_Care
52,171.77,8948.730000000001,16.69,4.5,8,Health_Beauty
65,41.97,2731.1499999999996,3.1,4.3,6,Personal_Care
50,73.47,3676.97,3.47,3.2,2,Health_Beauty
42,169.13,7110.54,7.08,4.9,6,Health_Beauty
50,105.75,5307.44,19.94,4.5,3,Pharma_OTC
81,20.23,1650.25,11.62,4.4,11,Personal_Care
49,158.02,7745.330000000001,2.35,3.5,4,Health_Beauty
47,185.62,8730.21,6.07,4.8,4,Pharma_OTC
39,190.24,7437.820000000001,18.46,4.7,8,Personal_Care
75,13.33,1013.88,14.13,3.7,7,Health_Beauty
52,59.47,3102.96,10.52,5.0,2,Pharma_OTC
57,67.24,3836.93,4.25,4.5,7,Pharma_OTC
70,12.56,893.71,14.51,4.3,4,Personal_Care
54,40.08,2179.9399999999996,15.62,4.1,5,Pharma_OTC
41,182.97,7509.219999999999,7.45,3.8,9,Pharma_OTC
53,146.74,7779.400000000001,2.18,4.5,4,Health_Beauty
52,138.41,7211.03,13.71,4.4,5,Health_Beauty
61,128.08,7831.940000000001,19.06,4.9,5,Health_Beauty
48,94.5,4548.16,12.16,3.9,6,Pharma_OTC
59,90.15,5321.370000000001,2.52,4.1,3,Health_Beauty
47,100.56,4743.549999999999,17.23,4.2,9,Personal_Care
62,21.04,1313.59,9.11,4.5,10,Health_Beauty
45,191.63,8630.34,6.99,3.7,11,Personal_Care
55,29.8,1656.71,17.71,3.5,9,Health_Beauty
59,129.18,7634.030000000001,12.41,4.0,4,Pharma_OTC
60,45.69,2754.7699999999995,13.37,3.4,4,Pharma_OTC
58,96.62,5619.15,15.19,3.1,1,Personal_Care
39,176.97,6910.98,9.15,4.2,1,Health_Beauty
60,124.87,7502.570000000001,10.37,4.7,2,Personal_Care
70,69.64,4877.18,2.38,3.0,12,Personal_Care
65,63.19,4127.139999999999,19.79,4.3,6,Personal_Care
44,193.42,8528.63,18.15,3.5,8,Personal_Care
64,38.0,2437.81,5.81,3.2,3,Pharma_OTC
68,61.47,4195.74,15.78,4.4,6,Health_Beauty
47,152.12,7167.9800000000005,18.34,4.8,9,Personal_Care
69,14.84,1029.57,5.61,4.3,1,Personal_Care
45,182.61,8221.320000000002,3.87,4.4,6,Health_Beauty
66,21.96,1469.14,19.78,4.8,4,Health_Beauty
65,37.53,2448.2000000000003,8.75,5.0,5,Health_Beauty
55,155.15,8537.72,4.47,4.2,11,Health_Beauty
55,73.81,4061.5600000000004,2.01,4.4,3,Pharma_OTC
70,48.4,3393.26,5.26,4.0,6,Health_Beauty
41,124.29,5101.06,5.17,3.1,5,Pharma_OTC
68,41.78,2844.31,3.27,4.9,8,Health_Beauty
60,57.14,3431.59,3.19,3.8,3,Pharma_OTC
46,110.9,5113.710000000001,12.31,3.2,8,Personal_Care
74,25.27,1877.64,7.66,3.6,11,Pharma_OTC
71,26.09,1868.46,16.07,3.9,10,Health_Beauty
47,118.75,5600.53,19.28,3.4,3,Health_Beauty
51,111.1,5668.37,2.27,4.7,1,Personal_Care
51,134.99,6888.6,4.11,4.6,8,Personal_Care
48,174.36,8386.220000000001,16.94,4.7,9,Personal_Care
84,48.37,4072.18,9.1,4.1,12,Personal_Care
60,35.72,2147.0099999999998,3.81,4.3,7,Pharma_OTC
49,143.68,7042.8,2.48,3.6,8,Personal_Care
80,19.26,1553.88,13.08,4.3,11,Personal_Care
71,49.97,3550.47,2.6,3.5,12,Personal_Care
56,115.05,6456.84,14.04,5.0,3,Pharma_OTC
63,124.91,7885.8,16.47,4.9,12,Pharma_OTC
59,95.78,5659.870000000001,8.85,4.5,7,Pharma_OTC
54,165.76,8957.57,6.53,4.9,2,Personal_Care
53,113.25,6004.31,2.06,4.7,8,Pharma_OTC
51,106.12,5427.67,15.55,3.5,6,Personal_Care
38,175.16,6669.43,13.35,3.6,5,Health_Beauty
66,48.14,3194.69,17.45,4.8,10,Personal_Care
41,176.53,7243.830000000001,6.1,3.4,10,Health_Beauty
40,141.26,5656.5,6.1,3.3,7,Health_Beauty
50,172.3,8619.25,4.25,4.9,1,Personal_Care
69,39.76,2754.13,10.69,3.1,12,Personal_Care
51,141.04,7206.61,13.57,3.1,11,Personal_Care
81,45.01,3656.1,10.29,3.5,12,Pharma_OTC
34,168.45,5736.36,9.06,3.3,3,Health_Beauty
61,126.65,7727.830000000001,2.18,3.8,10,Pharma_OTC
71,85.5,6077.72,7.22,3.3,12,Personal_Care
45,195.16,8792.240000000002,10.04,3.5,12,Personal_Care
49,136.72,6701.92,2.64,3.1,6,Personal_Care
42,190.31,8004.27,11.25,3.4,4,Health_Beauty
60,43.1,2593.23,7.23,3.4,4,Health_Beauty
63,39.51,2509.1099999999997,19.98,3.4,8,Health_Beauty
55,93.53,5156.5199999999995,12.37,4.9,2,Pharma_OTC
60,149.55,8982.0,9.0,4.4,12,Health_Beauty
53,81.82,4344.17,7.71,4.8,4,Pharma_OTC
44,158.01,6964.99,12.55,4.6,10,Personal_Care
64,45.19,2904.6299999999997,12.47,4.7,2,Pharma_OTC
65,21.49,1414.9699999999998,18.12,4.3,9,Health_Beauty
59,30.17,1789.2100000000003,9.18,3.9,9,Personal_Care
84,44.41,3748.4599999999996,18.02,4.8,11,Health_Beauty
41,169.32,6951.68,9.56,4.4,3,Health_Beauty
58,65.27,3795.2799999999997,9.62,3.3,6,Personal_Care
58,63.11,3679.27,18.89,3.1,5,Pharma_OTC
42,142.86,6019.830000000001,19.71,3.7,2,Pharma_OTC
64,55.67,3565.53,2.65,4.8,4,Pharma_OTC
38,195.59,7449.02,16.6,3.6,7,Health_Beauty
52,117.03,6092.830000000001,7.27,3.6,11,Personal_Care
63,18.81,1197.51,12.48,3.7,10,Pharma_OTC
46,116.78,5391.7,19.82,3.4,3,Health_Beauty
50,145.71,7302.32,16.82,4.1,6,Pharma_OTC
75,13.7,1031.46,3.96,4.5,1,Pharma_OTC
57,197.09,11247.810000000001,13.68,4.6,12,Personal_Care
58,109.86,6377.07,5.19,3.9,11,Pharma_OTC
48,183.38,8820.34,18.1,3.2,10,Health_Beauty
64,36.34,2338.4300000000003,12.67,4.0,2,Pharma_OTC
64,120.28,7704.22,6.3,4.5,12,Personal_Care
41,137.4,5640.780000000001,7.38,3.1,2,Personal_Care
72,76.52,5520.04,10.6,4.9,6,Pharma_OTC
46,149.06,6867.55,10.79,4.6,9,Health_Beauty
48,146.24,7031.68,12.16,4.9,2,Pharma_OTC
61,90.15,5519.06,19.91,3.8,9,Pharma_OTC
64,60.16,3866.33,16.09,3.8,7,Pharma_OTC
72,22.64,1642.73,12.65,4.4,1,Personal_Care
51,170.42,8704.32,12.9,4.2,11,Health_Beauty
29,198.9,5787.93,19.83,4.4,3,Pharma_OTC
47,186.53,8783.41,16.5,3.6,1,Health_Beauty
52,54.1,2825.4700000000003,12.27,3.5,8,Health_Beauty
50,122.32,6133.78,17.78,4.7,5,Personal_Care
55,42.76,2370.35,18.55,4.1,7,Health_Beauty
67,33.1,2229.6800000000003,11.98,4.5,8,Personal_Care
56,46.56,2622.98,15.62,3.8,8,Health_Beauty
49,117.3,5755.32,7.62,3.4,9,Personal_Care
31,159.08,4949.950000000001,18.47,3.1,4,Personal_Care
63,125.68,7928.37,10.53,4.1,11,Personal_Care
56,145.07,8139.06,15.14,3.6,5,Pharma_OTC
49,80.04,3924.7800000000007,2.82,3.4,4,Health_Beauty
51,115.14,5887.35,15.21,4.0,9,Health_Beauty
58,46.75,2719.94,8.44,3.2,7,Personal_Care
52,84.13,4394.68,19.92,4.0,6,Health_Beauty
48,123.3,5921.139999999999,2.74,3.4,5,Health_Beauty
70,56.22,3951.2400000000002,15.84,4.2,5,Personal_Care
54,130.56,7070.21,19.97,4.8,10,Pharma_OTC
74,36.43,2713.31,17.49,3.6,12,Personal_Care
43,177.73,7661.049999999999,18.66,3.3,10,Pharma_OTC
60,128.11,7693.47,6.87,3.8,1,Pharma_OTC
58,96.77,5632.49,19.83,4.1,4,Pharma_OTC
71,35.98,2569.08,14.5,4.3,12,Personal_Care
53,80.55,4273.799999999999,4.65,3.6,7,Pharma_OTC
53,89.87,4766.360000000001,3.25,3.4,3,Pharma_OTC
64,69.5,4464.29,16.29,3.2,10,Personal_Care
42,193.03,8112.54,5.28,4.0,2,Pharma_OTC
39,188.99,7383.080000000001,12.47,3.2,5,Health_Beauty
51,120.35,6152.91,15.06,4.3,2,Health_Beauty
70,12.37,869.39,3.49,3.5,2,Pharma_OTC
57,132.21,7549.030000000001,13.06,4.5,3,Personal_Care
61,61.81,3786.53,16.12,4.6,5,Health_Beauty
49,99.81,4895.160000000001,4.47,3.5,9,Health_Beauty
65,31.21,2033.5,4.85,5.0,6,Personal_Care
58,41.44,2407.7599999999998,4.24,3.7,8,Pharma_OTC
64,94.65,6066.370000000001,8.77,4.7,8,Personal_Care
36,191.33,6901.43,13.55,3.1,5,Health_Beauty
58,138.18,8029.14,14.7,4.8,10,Health_Beauty
57,84.51,4827.4400000000005,10.37,4.2,1,Health_Beauty
64,45.63,2923.56,3.24,3.1,1,Health_Beauty
65,39.71,2593.03,11.88,4.5,4,Pharma_OTC
37,158.11,5855.040000000001,4.97,3.2,8,Pharma_OTC
48,165.73,7969.909999999999,14.87,3.7,6,Pharma_OTC
44,103.51,4569.490000000001,15.05,3.5,1,Personal_Care
69,41.46,2871.3500000000004,10.61,4.2,2,Personal_Care
35,169.1,5930.27,11.77,3.7,2,Pharma_OTC
53,118.06,6265.2300000000005,8.05,4.7,6,Pharma_OTC
60,64.34,3868.51,8.11,4.9,7,Pharma_OTC
53,93.12,4949.26,13.9,4.2,10,Pharma_OTC
38,191.04,7268.299999999999,8.78,3.5,6,Pharma_OTC
63,45.64,2885.6000000000004,10.28,4.9,4,Health_Beauty
56,116.42,6530.6900000000005,11.17,3.0,11,Personal_Care
53,56.09,2980.92,8.15,3.1,2,Personal_Care
71,37.85,2693.46,6.11,4.9,6,Pharma_OTC
64,60.07,3848.75,4.27,3.3,2,Health_Beauty
42,180.16,7583.740000000001,17.02,4.6,2,Personal_Care
44,124.46,5495.78,19.54,3.5,1,Personal_Care
58,127.78,7429.3099999999995,18.07,4.4,5,Pharma_OTC
46,107.71,4957.91,3.25,3.6,5,Health_Beauty
48,109.27,5261.47,16.51,4.0,10,Pharma_OTC
61,118.87,7267.900000000001,16.83,3.4,12,Personal_Care
56,148.14,8308.55,12.71,3.9,3,Personal_Care
53,124.73,6623.42,12.73,4.2,4,Pharma_OTC
67,141.8,9504.07,3.47,4.6,7,Health_Beauty
43,180.16,7751.92,5.04,4.2,10,Pharma_OTC
51,149.14,7616.759999999999,10.62,3.9,5,Health_Beauty
64,19.6,1257.47,3.07,4.3,5,Health_Beauty
52,70.74,3684.8599999999997,6.38,3.5,10,Personal_Care
71,15.44,1102.13,5.89,5.0,9,Personal_Care
68,95.86,6525.179999999999,6.7,3.5,12,Personal_Care
63,16.76,1069.73,13.85,3.2,1,Pharma_OTC
45,163.63,7382.53,19.18,3.7,4,Pharma_OTC
79,66.28,5240.48,4.36,4.5,11,Personal_Care
42,137.55,5781.0,3.9,3.9,5,Health_Beauty
70,14.32,1013.98,11.58,3.5,1,Health_Beauty
40,189.45,7585.07,7.07,4.1,10,Health_Beauty
57,130.49,7449.75,11.82,4.7,9,Personal_Care
45,108.64,4905.54,16.74,3.7,7,Health_Beauty
57,140.53,8027.59,17.38,4.4,11,Pharma_OTC
69,57.78,4000.26,13.44,4.7,1,Pharma_OTC
53,105.75,5610.1,5.35,3.7,7,Health_Beauty
67,72.33,4853.139999999999,7.03,4.6,1,Pharma_OTC
67,49.29,3319.8199999999997,17.39,4.8,7,Health_Beauty
45,172.45,7770.889999999999,10.64,3.6,8,Health_Beauty
73,11.58,859.2,13.86,4.1,10,Health_Beauty
58,21.93,1285.5,13.56,3.7,8,Health_Beauty
45,144.71,6522.620000000001,10.67,4.3,2,Personal_Care
51,150.37,7674.54,5.67,4.9,8,Health_Beauty
50,77.71,3895.2199999999993,9.72,3.9,9,Personal_Care
60,63.94,3852.6499999999996,16.25,3.3,1,Pharma_OTC
57,129.71,7406.25,12.78,4.3,11,Health_Beauty
65,42.12,2744.7599999999998,6.96,4.3,7,Pharma_OTC
57,112.26,6411.9800000000005,13.16,4.6,5,Health_Beauty
56,130.04,7298.17,15.93,4.8,4,Health_Beauty
43,174.75,7526.12,11.87,3.0,9,Personal_Care
34,168.71,5741.0,4.86,3.4,6,Pharma_OTC
53,86.78,4616.33,16.99,3.4,7,Health_Beauty
68,41.19,2806.82,5.9,3.9,9,Personal_Care
62,59.2,3683.28,12.88,3.6,7,Health_Beauty
69,36.56,2525.2400000000002,2.6,4.9,9,Pharma_OTC
38,188.02,7162.58,17.82,4.5,10,Personal_Care
32,175.38,5618.07,5.91,4.0,10,Health_Beauty
52,113.2,5904.540000000001,18.14,4.4,4,Health_Beauty
62,159.57,9910.89,17.55,4.7,11,Personal_Care
41,162.36,6670.74,13.98,3.2,5,Pharma_OTC
79,83.86,6630.839999999999,5.9,4.9,11,Pharma_OTC
69,86.34,5972.03,14.57,4.8,12,Personal_Care
51,168.94,8628.1,12.16,4.7,9,Personal_Care
68,39.36,2690.71,14.23,3.1,11,Personal_Care
39,150.72,5887.44,9.36,3.3,6,Pharma_OTC
67,56.66,3800.9399999999996,4.72,4.3,9,Personal_Care
36,159.77,5758.63,6.91,4.1,6,Pharma_OTC
48,172.76,8299.0,6.52,4.4,5,Health_Beauty
57,56.63,3234.1200000000003,6.21,3.7,1,Pharma_OTC
73,75.49,5525.379999999999,14.61,5.0,11,Pharma_OTC
48,91.74,4414.83,11.31,3.8,5,Health_Beauty
71,88.48,6287.15,5.07,4.8,12,Pharma_OTC
60,45.03,2718.2400000000002,16.44,4.0,9,Pharma_OTC
58,142.86,8291.45,5.57,4.8,6,Personal_Care
47,145.05,6831.21,13.86,4.1,6,Personal_Care
38,183.77,6999.34,16.08,4.2,9,Health_Beauty
59,107.75,6368.0,10.75,4.4,3,Health_Beauty
46,159.93,7359.68,2.9,4.6,2,Personal_Care
33,188.74,6243.61,15.19,3.0,3,Personal_Care
33,140.92,4662.9,12.54,3.9,1,Pharma_OTC
47,94.85,4466.61,8.66,3.1,6,Health_Beauty
29,140.85,4100.62,15.97,3.2,7,Pharma_OTC
48,191.34,9194.39,10.07,4.4,7,Health_Beauty
50,119.51,5987.69,12.19,3.9,3,Personal_Care
55,144.64,7971.699999999999,16.5,4.0,1,Personal_Care
49,92.17,4535.8099999999995,19.48,4.1,8,Pharma_OTC
42,195.15,8214.61,18.31,5.0,2,Personal_Care
65,53.33,3485.3399999999997,18.89,4.5,4,Personal_Care
58,98.39,5722.76,16.14,4.1,9,Personal_Care
56,87.83,4925.0199999999995,6.54,3.7,7,Health_Beauty
45,115.81,5217.69,6.24,4.1,5,Health_Beauty
78,12.2,960.1899999999999,8.59,4.0,3,Personal_Care
39,155.26,6063.91,8.77,3.7,1,Personal_Care
68,34.32,2349.13,15.37,3.3,1,Personal_Care
56,115.84,6498.43,11.39,5.0,3,Personal_Care
58,122.5,7122.63,17.63,3.0,12,Pharma_OTC
41,130.2,5345.54,7.34,3.3,5,Health_Beauty
37,194.66,7218.84,16.42,4.6,1,Personal_Care
60,56.55,3397.73,4.73,4.0,6,Personal_Care
41,193.88,7958.76,9.68,4.1,3,Health_Beauty
54,173.71,9385.28,4.94,3.1,12,Pharma_OTC
62,111.16,6907.33,15.41,3.3,11,Health_Beauty
60,137.84,8279.39,8.99,3.7,12,Health_Beauty
72,78.6,5677.01,17.81,3.1,11,Personal_Care
46,196.02,9019.88,2.96,4.2,9,Personal_Care
50,74.39,3729.48,9.98,4.0,2,Health_Beauty
49,175.74,8620.7,9.44,4.8,7,Health_Beauty
41,187.19,7678.65,3.86,3.8,9,Health_Beauty
72,59.02,4263.290000000001,13.85,4.9,2,Personal_Care
80,56.86,4555.95,7.15,4.8,11,Health_Beauty
36,143.44,5180.63,16.79,4.2,8,Health_Beauty
61,21.9,1343.2499999999998,7.35,3.4,4,Pharma_OTC
41,199.11,8182.1,18.59,4.6,10,Health_Beauty
48,184.69,8878.939999999999,13.82,4.9,1,Health_Beauty
53,104.07,5518.83,3.12,4.7,5,Personal_Care
57,97.3,5563.41,17.31,3.8,8,Pharma_OTC
70,12.5,882.12,7.12,3.7,8,Health_Beauty
39,194.84,7603.25,4.49,4.7,8,Personal_Care
60,116.63,7005.289999999999,7.49,4.3,12,Pharma_OTC
43,164.43,7083.85,13.36,3.6,4,Health_Beauty
53,150.82,8000.22,6.76,4.7,6,Personal_Care
59,30.67,1815.8600000000001,6.33,3.3,10,Health_Beauty
48,95.8,4615.469999999999,17.07,3.1,2,Personal_Care
46,70.14,3243.55,17.11,3.0,7,Pharma_OTC
49,168.05,8245.41,10.96,4.0,8,Pharma_OTC
62,134.93,8373.94,8.28,4.3,11,Pharma_OTC
40,162.57,6512.36,9.56,3.1,12,Pharma_OTC
44,159.15,7006.54,3.94,3.9,3,Health_Beauty
64,23.6,1518.27,7.87,3.6,8,Personal_Care
68,39.08,2662.59,5.15,4.8,7,Personal_Care
61,72.26,4411.740000000001,3.88,3.6,4,Pharma_OTC
70,11.36,805.3599999999999,10.16,4.3,1,Personal_Care
69,40.67,2809.4900000000002,3.26,4.9,8,Health_Beauty
70,19.16,1352.66,11.46,4.7,9,Health_Beauty
59,49.55,2926.14,2.69,4.6,7,Health_Beauty
74,30.03,2224.88,2.66,4.2,4,Health_Beauty
53,120.82,6410.8,7.34,4.7,10,Personal_Care
54,132.93,7184.29,6.07,3.3,11,Personal_Care
76,34.06,2600.0000000000005,11.44,3.1,11,Health_Beauty
65,31.0,2029.88,14.88,4.3,9,Pharma_OTC
57,129.18,7377.96,14.7,4.7,2,Personal_Care
64,156.07,9997.74,9.26,5.0,12,Pharma_OTC
49,123.6,6059.139999999999,2.74,3.9,5,Personal_Care
39,165.67,6476.279999999999,15.15,3.5,4,Pharma_OTC
43,113.7,4908.64,19.54,3.6,10,Pharma_OTC
58,77.39,4503.94,15.32,4.0,2,Health_Beauty
59,43.02,2540.6600000000003,2.48,3.1,5,Health_Beauty
45,152.36,6870.780000000001,14.58,4.1,9,Health_Beauty
49,87.74,4305.53,6.27,3.1,1,Health_Beauty
41,160.77,6600.610000000001,9.04,3.7,3,Pharma_OTC
52,118.31,6171.19,19.07,4.7,3,Pharma_OTC
58,101.72,5907.97,8.21,4.3,4,Health_Beauty
53,172.38,9142.38,6.24,4.4,8,Health_Beauty
51,120.43,6154.08,12.15,4.7,2,Health_Beauty
49,173.79,8535.349999999999,19.64,3.9,11,Pharma_OTC
69,15.89,1100.66,4.25,4.6,6,Health_Beauty
50,130.67,6541.3099999999995,7.81,3.2,7,Health_Beauty
42,195.23,8207.76,8.1,4.7,4,Pharma_OTC
66,24.8,1647.4099999999999,10.61,4.7,2,Health_Beauty
53,80.53,4272.75,4.66,3.5,4,Personal_Care
44,86.32,3816.18,18.1,3.3,3,Personal_Care
55,168.61,9284.02,10.47,4.5,12,Pharma_OTC
51,115.67,5915.27,16.1,3.4,6,Pharma_OTC
87,14.9,1299.25,2.95,4.6,11,Personal_Care
45,164.88,7439.389999999999,19.79,3.7,8,Personal_Care
55,77.2,4250.1,4.1,4.6,9,Health_Beauty
52,134.42,6999.339999999999,9.5,3.8,11,Pharma_OTC
50,198.6,9946.75,16.75,4.5,4,Pharma_OTC
48,70.83,3417.26,17.42,3.7,2,Personal_Care
49,142.29,6975.97,3.76,4.8,10,Pharma_OTC
77,18.95,1466.8899999999999,7.74,4.1,11,Health_Beauty
47,100.53,4735.73,10.82,3.3,7,Health_Beauty
60,39.05,2348.53,5.53,4.9,10,Health_Beauty
59,45.27,2680.4900000000002,9.56,4.4,7,Personal_Care
49,131.34,6438.71,3.05,3.1,1,Pharma_OTC
60,35.33,2132.8399999999997,13.04,3.3,2,Pharma_OTC
54,164.96,8924.43,16.59,3.6,11,Health_Beauty
48,122.02,5866.25,9.29,4.0,6,Personal_Care
57,133.88,7646.22,15.06,4.7,6,Personal_Care
52,108.35,5638.03,3.83,3.1,5,Health_Beauty
81,16.33,1338.8999999999999,16.17,4.9,12,Health_Beauty
48,55.31,2664.32,9.44,3.6,8,Personal_Care
60,53.67,3233.2900000000004,13.09,3.9,7,Health_Beauty
54,63.6,3440.36,5.96,3.6,8,Health_Beauty
53,128.23,6812.969999999999,16.78,3.1,10,Health_Beauty
50,190.65,9551.36,18.86,4.9,6,Health_Beauty
44,189.15,8326.31,3.71,3.8,4,Personal_Care
45,101.06,4552.83,5.13,3.2,7,Personal_Care
36,175.17,6322.94,16.82,3.5,4,Pharma_OTC
56,64.94,3641.14,4.5,3.5,1,Personal_Care
59,126.03,7452.96,17.19,3.8,11,Pharma_OTC
55,117.69,6492.65,19.7,4.4,1,Pharma_OTC
60,25.68,1545.8,5.0,3.3,6,Health_Beauty
60,98.42,5922.17,16.97,3.5,12,Health_Beauty
62,23.47,1468.29,13.15,3.1,8,Personal_Care
43,148.19,6380.3,8.13,3.5,3,Health_Beauty
61,34.32,2102.37,8.85,4.3,10,Personal_Care
49,119.55,5877.639999999999,19.69,3.0,2,Pharma_OTC
42,175.57,7390.089999999999,16.15,3.0,10,Health_Beauty
46,146.15,6741.780000000001,18.88,3.5,8,Personal_Care
53,131.12,6955.500000000001,6.14,4.6,7,Health_Beauty
54,115.33,6243.8099999999995,15.99,4.4,10,Pharma_OTC
55,145.44,8011.12,11.92,4.9,5,Health_Beauty
51,124.53,6370.2699999999995,19.24,4.7,5,Health_Beauty
45,88.86,4008.21,9.51,3.0,3,Health_Beauty
54,88.48,4784.12,6.2,4.8,9,Health_Beauty
53,92.61,4919.94,11.61,3.1,9,Health_Beauty
48,68.37,3294.75,12.99,3.4,6,Personal_Care
60,65.1,3915.4699999999993,9.47,4.1,8,Health_Beauty
67,110.32,7409.679999999999,18.24,4.2,11,Personal_Care
60,58.93,3551.01,15.21,4.0,3,Personal_Care
53,96.2,5100.650000000001,2.05,4.1,8,Health_Beauty
63,76.17,4816.06,17.35,4.6,7,Pharma_OTC
53,117.78,6258.6,16.26,4.9,9,Pharma_OTC
44,124.8,5502.09,10.89,3.4,7,Pharma_OTC
69,58.12,4023.7599999999998,13.48,4.8,5,Health_Beauty
46,135.43,6247.250000000001,17.47,4.2,3,Pharma_OTC
55,42.83,2360.11,4.46,3.1,3,Health_Beauty
62,52.28,3253.31,11.95,3.4,8,Personal_Care
58,29.45,1724.25,16.15,3.2,9,Pharma_OTC
58,164.96,9573.35,5.67,3.8,12,Pharma_OTC
68,47.39,3227.03,4.51,4.6,3,Personal_Care
47,115.51,5446.1900000000005,17.22,4.2,10,Personal_Care
64,93.11,5973.9,14.86,4.3,8,Pharma_OTC
60,59.67,3596.2400000000002,16.04,3.6,3,Pharma_OTC
50,63.38,3188.87,19.87,3.5,2,Personal_Care
46,164.06,7552.18,5.42,3.4,10,Pharma_OTC
62,67.63,4208.48,15.42,4.6,1,Pharma_OTC
56,118.67,6659.96,14.44,3.7,10,Personal_Care
50,162.84,8156.28,14.28,3.4,7,Health_Beauty
67,24.52,1648.1899999999998,5.35,4.5,8,Health_Beauty
62,153.12,9507.61,14.17,4.3,5,Pharma_OTC
66,110.14,7280.42,11.18,3.9,11,Health_Beauty
49,134.75,6618.56,15.81,3.6,5,Personal_Care
58,44.78,2612.03,14.79,3.4,10,Pharma_OTC
44,175.76,7748.129999999999,14.69,3.4,12,Pharma_OTC
63,61.86,3904.96,7.78,3.6,12,Pharma_OTC
49,89.7,4400.35,5.05,3.3,1,Pharma_OTC
75,34.65,2608.92,10.17,3.7,11,Pharma_OTC
67,32.11,2167.08,15.71,3.6,7,Pharma_OTC
40,191.42,7663.259999999999,6.46,4.6,3,Pharma_OTC
44,171.39,7555.2699999999995,14.11,4.3,1,Pharma_OTC
50,103.19,5166.52,7.02,3.7,4,Pharma_OTC
56,178.94,10030.32,9.68,4.5,11,Health_Beauty
68,33.42,2274.65,2.09,4.6,7,Health_Beauty
38,162.06,6168.0,9.72,3.3,7,Pharma_OTC
47,87.55,4122.459999999999,7.61,3.1,3,Health_Beauty
54,100.67,5451.33,15.15,3.8,8,Personal_Care
41,160.09,6578.27,14.58,3.3,5,Personal_Care
51,102.54,5237.79,8.25,4.2,1,Pharma_OTC
57,82.47,4712.06,11.27,4.6,3,Health_Beauty
69,15.6,1093.4199999999998,17.02,3.4,10,Health_Beauty
68,73.88,5031.57,7.73,4.1,4,Pharma_OTC
55,119.3,6580.64,19.14,4.6,7,Health_Beauty
44,123.44,5450.089999999999,18.73,3.0,6,Pharma_OTC
64,41.96,2695.34,9.9,3.7,10,Personal_Care
59,13.55,810.8000000000001,11.35,3.4,6,Personal_Care
51,76.84,3926.52,7.68,4.3,2,Health_Beauty
43,162.5,6990.43,2.93,4.2,10,Personal_Care
64,53.24,3410.92,3.56,3.0,7,Pharma_OTC
57,132.53,7559.06,4.85,4.8,5,Health_Beauty
79,69.8,5520.0,5.8,4.3,11,Personal_Care
56,37.05,2081.0499999999997,6.25,3.0,9,Health_Beauty
54,172.56,9334.9,16.66,4.5,12,Health_Beauty
56,76.99,4318.969999999999,7.53,3.9,6,Health_Beauty
48,110.41,5312.71,13.03,4.6,9,Personal_Care
55,32.79,1805.53,2.08,3.0,5,Pharma_OTC
63,19.3,1221.19,5.29,3.7,6,Personal_Care
67,31.34,2110.11,10.33,4.8,8,Personal_Care
75,50.65,3809.58,10.83,4.4,11,Pharma_OTC
55,131.05,7215.9400000000005,8.19,4.3,9,Health_Beauty
41,161.5,6629.31,7.81,3.2,6,Personal_Care
51,132.09,6748.49,11.9,4.5,7,Pharma_OTC
71,11.55,836.7600000000001,16.71,3.9,2,Pharma_OTC
56,96.43,5408.71,8.63,3.8,9,Pharma_OTC
56,53.41,2993.89,2.93,3.9,7,Pharma_OTC
51,167.2,8533.109999999999,5.91,4.7,9,Personal_Care
46,101.98,4695.47,4.39,3.5,4,Health_Beauty
46,174.7,8051.0599999999995,14.86,4.8,2,Pharma_OTC
47,151.61,7141.620000000001,15.95,4.2,8,Health_Beauty
69,15.66,1089.47,8.93,3.3,9,Personal_Care
63,73.35,4636.079999999999,15.03,4.4,8,Pharma_OTC
41,128.47,5278.799999999999,11.53,3.2,6,Health_Beauty
65,59.39,3864.83,4.48,3.4,5,Pharma_OTC
52,158.29,8246.94,15.86,4.6,11,Personal_Care
50,178.21,8922.48,11.98,4.1,12,Pharma_OTC
43,157.97,6808.7,15.99,4.0,8,Personal_Care
47,78.94,3713.19,3.01,4.2,5,Health_Beauty
54,154.78,8373.910000000002,15.79,5.0,9,Pharma_OTC
33,199.29,6580.139999999999,3.57,4.0,7,Pharma_OTC
43,165.94,7150.37,14.95,3.2,8,Pharma_OTC
44,179.43,7905.04,10.12,3.7,6,Personal_Care
65,52.34,3405.7700000000004,3.67,4.5,8,Personal_Care
42,181.84,7646.07,8.79,4.3,5,Health_Beauty
39,153.16,5987.01,13.77,3.9,1,Health_Beauty
63,76.53,4825.14,3.75,3.8,3,Pharma_OTC
47,131.92,6216.34,16.1,3.4,10,Pharma_OTC
52,188.6,9825.38,18.18,4.0,11,Health_Beauty
55,131.97,7265.56,7.21,3.9,9,Pharma_OTC
60,137.38,8255.31,12.51,4.1,11,Health_Beauty
61,177.31,10827.97,12.06,4.9,1,Health_Beauty
64,14.62,949.5999999999999,13.92,3.6,5,Pharma_OTC
40,149.61,5988.81,4.41,3.6,3,Personal_Care
59,66.55,3942.6299999999997,16.18,3.2,9,Personal_Care
42,176.5,7430.77,17.77,4.6,10,Health_Beauty
67,32.4,2186.1699999999996,15.37,3.0,11,Health_Beauty
57,147.55,8412.720000000001,2.37,4.4,12,Personal_Care
49,112.39,5517.98,10.87,3.8,6,Personal_Care
48,194.53,9340.960000000001,3.52,4.2,9,Health_Beauty
53,75.31,3999.3,7.87,3.8,10,Health_Beauty
55,94.42,5202.97,9.87,3.5,9,Health_Beauty
51,170.19,8683.91,4.22,4.8,10,Health_Beauty
53,104.22,5541.93,18.27,4.3,9,Pharma_OTC
43,181.05,7787.490000000001,2.34,4.1,6,Personal_Care
55,85.73,4722.56,7.41,3.3,1,Personal_Care
50,94.54,4734.86,7.86,3.1,10,Personal_Care
61,76.14,4653.26,8.72,3.7,7,Pharma_OTC
58,90.5,5251.68,2.68,3.2,9,Personal_Care
56,81.57,4577.6,9.68,4.5,7,Pharma_OTC
58,29.37,1721.88,18.42,3.7,10,Pharma_OTC
56,79.06,4444.670000000001,17.31,3.4,5,Health_Beauty
47,199.71,9389.87,3.5,3.6,1,Health_Beauty
62,50.28,3129.48,12.12,3.3,2,Pharma_OTC
45,190.39,8581.4,13.85,3.8,12,Pharma_OTC
62,61.64,3836.33,14.65,3.1,5,Health_Beauty
40,168.8,6756.26,4.26,3.8,5,Health_Beauty
47,154.08,7252.400000000001,10.64,4.4,2,Personal_Care
50,68.36,3430.73,12.73,4.1,4,Pharma_OTC
64,139.99,8973.550000000001,14.19,4.2,12,Personal_Care
33,153.36,5069.06,8.18,3.5,3,Pharma_OTC
49,129.95,6378.949999999999,11.4,4.0,1,Pharma_OTC
68,21.93,1501.39,10.15,3.2,11,Pharma_OTC
43,163.8,7056.740000000001,13.34,3.9,8,Health_Beauty
64,72.08,4621.68,8.56,4.2,3,Personal_Care
52,139.31,7255.99,11.87,3.3,12,Personal_Care
44,175.09,7718.82,14.86,4.1,6,Health_Beauty
48,126.12,6072.5,18.74,3.6,8,Pharma_OTC
55,41.95,2323.31,16.06,3.0,9,Health_Beauty
48,145.5,6992.9,8.9,3.5,1,Personal_Care
66,21.63,1443.28,15.7,3.1,7,Personal_Care
49,169.71,8318.800000000001,3.01,3.3,11,Personal_Care
43,181.82,7837.179999999999,18.92,4.6,9,Health_Beauty
44,196.11,8635.130000000001,6.29,3.5,8,Personal_Care
57,75.47,4311.83,10.04,3.2,4,Personal_Care
70,25.42,1784.51,5.11,3.5,10,Health_Beauty
50,141.88,7106.63,12.63,4.1,8,Pharma_OTC
52,114.44,5955.03,4.15,4.5,5,Health_Beauty
65,25.48,1661.45,5.25,4.8,1,Health_Beauty
63,44.0,2785.36,13.36,4.0,10,Pharma_OTC
45,155.26,6997.17,10.47,3.6,6,Personal_Care
44,186.73,8234.499999999998,18.38,3.1,10,Health_Beauty
45,172.83,7782.26,4.91,3.9,8,Health_Beauty
54,111.21,6010.9,5.56,3.9,4,Personal_Care
41,196.11,8050.96,10.45,3.2,7,Health_Beauty
71,130.79,9293.08,6.99,4.8,11,Personal_Care
33,196.48,6498.199999999999,14.36,3.7,7,Pharma_OTC
47,132.75,6251.3,12.05,4.3,1,Health_Beauty
52,17.06,901.7799999999999,14.66,3.1,9,Pharma_OTC
52,149.08,7758.010000000001,5.85,3.5,11,Personal_Care
66,87.19,5767.03,12.49,4.1,12,Pharma_OTC
53,171.67,9101.76,3.25,3.7,12,Health_Beauty
61,78.59,4796.099999999999,2.11,5.0,4,Health_Beauty
58,70.28,4093.82,17.58,3.4,5,Pharma_OTC
38,170.01,6473.48,13.1,3.9,10,Health_Beauty
38,160.73,6118.8099999999995,11.07,3.2,3,Personal_Care
42,148.69,6249.049999999999,4.07,3.2,4,Personal_Care
62,96.78,6015.69,15.33,4.0,10,Personal_Care
42,171.69,7218.759999999999,7.78,4.7,8,Health_Beauty
82,63.36,5211.249999999999,15.73,4.8,12,Personal_Care
51,179.22,9156.869999999999,16.65,3.8,12,Health_Beauty
61,106.26,6495.2300000000005,13.37,5.0,3,Pharma_OTC
50,125.75,6300.92,13.42,3.6,9,Pharma_OTC
58,161.95,9410.189999999999,17.09,4.7,2,Pharma_OTC
57,94.44,5398.89,15.81,3.7,2,Pharma_OTC
43,172.48,7420.73,4.09,3.4,5,Health_Beauty
61,60.58,3715.32,19.94,3.4,5,Health_Beauty
63,117.95,7441.4400000000005,10.59,4.2,7,Health_Beauty
47,120.69,5680.280000000001,7.85,4.1,10,Personal_Care
46,117.95,5436.13,10.43,3.1,5,Personal_Care
68,63.93,4359.94,12.7,3.6,12,Health_Beauty
56,98.91,5551.82,12.86,3.8,9,Pharma_OTC
43,168.94,7267.35,2.93,4.7,6,Pharma_OTC
58,131.64,7641.419999999999,6.3,4.7,11,Personal_Care
69,12.4,874.89,19.29,3.4,6,Personal_Care
50,83.51,4194.07,18.57,4.1,10,Pharma_OTC
61,38.34,2350.78,12.04,3.4,8,Pharma_OTC
53,141.26,7494.37,7.59,4.1,4,Health_Beauty
57,123.24,7040.03,15.35,3.8,11,Personal_Care
50,114.01,5709.87,9.37,3.4,4,Pharma_OTC
67,49.99,3365.29,15.96,4.4,3,Pharma_OTC
42,190.86,8027.4400000000005,11.32,3.6,3,Pharma_OTC
45,159.11,7167.210000000001,7.26,4.4,6,Personal_Care
36,172.64,6220.569999999999,5.53,3.3,5,Personal_Care
49,189.85,9311.029999999999,8.38,3.9,6,Health_Beauty
56,91.58,5139.179999999999,10.7,3.2,10,Personal_Care
79,40.35,3206.92,19.27,4.6,12,Health_Beauty
63,46.36,2933.6499999999996,12.97,3.7,9,Health_Beauty
54,102.02,5515.8099999999995,6.73,4.0,1,Personal_Care
51,85.12,4348.28,7.16,3.4,4,Pharma_OTC
69,87.05,6017.71,11.26,3.3,12,Health_Beauty
41,131.44,5404.2,15.16,3.3,8,Pharma_OTC
61,70.9,4329.6900000000005,4.79,4.6,5,Health_Beauty
49,168.69,8278.699999999999,12.89,4.2,4,Pharma_OTC
51,116.45,5954.179999999999,15.23,3.3,1,Personal_Care
58,100.05,5805.0599999999995,2.16,4.8,7,Pharma_OTC
47,126.19,5942.16,11.23,3.4,5,Personal_Care
60,82.63,4976.3099999999995,18.51,3.4,1,Health_Beauty
40,196.28,7855.47,4.27,4.5,7,Pharma_OTC
60,44.62,2683.8999999999996,6.7,3.5,6,Personal_Care
67,42.33,2841.5299999999997,5.42,5.0,4,Health_Beauty
45,129.03,5818.240000000001,11.89,3.8,10,Pharma_OTC
87,14.41,1263.3500000000001,9.68,4.0,12,Personal_Care
58,51.34,2994.3900000000003,16.67,4.6,3,Personal_Care
60,41.64,2513.2200000000003,14.82,4.1,5,Pharma_OTC
47,142.53,6707.17,8.26,4.3,7,Personal_Care
77,73.12,5640.700000000001,10.46,4.1,12,Pharma_OTC
43,158.03,6802.08,6.79,3.2,9,Personal_Care
55,133.71,7366.96,12.91,4.0,12,Personal_Care
53,104.95,5577.870000000001,15.52,4.4,1,Personal_Care
64,34.19,2204.0,15.84,4.8,6,Health_Beauty
59,89.63,5306.07,17.9,4.5,5,Health_Beauty
57,84.38,4828.66,19.0,3.0,1,Health_Beauty
65,71.02,4624.610000000001,8.31,4.1,8,Pharma_OTC
62,54.76,3402.5899999999997,7.47,3.9,4,Health_Beauty
43,145.35,6262.97,12.92,4.3,1,Health_Beauty
64,58.09,3735.0800000000004,17.32,4.5,10,Personal_Care
46,141.2,6499.12,3.92,4.1,10,Health_Beauty
75,72.66,5456.68,7.18,4.2,11,Pharma_OTC
44,93.16,4113.8,14.76,3.4,5,Health_Beauty
59,89.95,5312.900000000001,5.85,4.0,4,Personal_Care
47,192.94,9081.550000000001,13.37,4.0,7,Pharma_OTC
66,11.68,775.77,4.89,4.0,1,Health_Beauty
51,134.72,6874.67,3.95,4.9,2,Health_Beauty
52,25.02,1312.96,11.92,3.3,2,Personal_Care
51,160.06,8180.67,17.61,4.7,7,Pharma_OTC
53,195.61,10381.38,14.05,4.9,2,Health_Beauty
76,50.64,3862.75,14.11,4.4,11,Pharma_OTC
51,158.12,8076.63,12.51,4.9,7,Health_Beauty
53,58.44,3108.9199999999996,11.6,3.0,5,Health_Beauty
41,166.89,6846.53,4.04,3.6,1,Pharma_OTC
40,197.93,7919.660000000001,2.46,4.0,5,Pharma_OTC
51,134.88,6893.43,14.55,4.0,9,Pharma_OTC
39,156.69,6128.53,17.62,3.0,9,Health_Beauty
60,49.2,2970.52,18.52,3.4,7,Pharma_OTC
72,109.9,7930.070000000001,17.27,4.6,12,Health_Beauty
54,148.15,8014.370000000001,14.27,3.3,11,Personal_Care
68,57.32,3906.4500000000003,8.69,3.8,5,Pharma_OTC
61,17.29,1073.47,18.78,3.3,6,Personal_Care
61,26.42,1625.2700000000002,13.65,3.6,2,Health_Beauty
64,135.19,8664.119999999999,11.96,4.7,11,Personal_Care
55,80.46,4431.869999999999,6.57,4.8,7,Personal_Care
52,175.57,9142.66,13.02,4.8,1,Pharma_OTC
72,40.45,2918.12,5.72,4.6,6,Health_Beauty
57,110.02,6289.759999999999,18.62,5.0,5,Pharma_OTC
64,85.2,5461.04,8.24,4.9,6,Pharma_OTC
55,70.6,3885.5999999999995,2.6,4.3,3,Health_Beauty
69,37.09,2566.91,7.7,4.4,7,Personal_Care
78,11.19,876.5799999999999,3.76,4.6,4,Pharma_OTC
58,99.85,5799.249999999999,7.95,4.7,2,Pharma_OTC
64,55.63,3566.31,5.99,4.8,1,Personal_Care
62,35.09,2180.9100000000003,5.33,3.6,6,Pharma_OTC
29,187.84,5453.7699999999995,6.41,4.2,4,Health_Beauty
55,118.93,6547.750000000001,6.6,3.9,10,Health_Beauty
51,77.41,3960.46,12.55,3.5,10,Personal_Care
35,194.56,6812.21,2.61,3.6,4,Personal_Care
55,159.38,8770.75,4.85,4.6,12,Pharma_OTC
44,175.74,7742.54,9.98,3.9,7,Pharma_OTC
44,190.13,8382.41,16.69,4.7,1,Pharma_OTC
77,16.73,1300.08,11.87,4.7,4,Personal_Care
63,109.52,6911.739999999999,11.98,4.9,1,Pharma_OTC
34,171.35,5844.969999999999,19.07,3.7,1,Pharma_OTC
47,154.95,7294.24,11.59,3.3,3,Personal_Care
69,33.86,2349.31,12.97,3.3,9,Pharma_OTC
57,128.48,7334.089999999999,10.73,3.9,1,Health_Beauty
54,54.4,2953.5099999999998,15.91,3.9,1,Health_Beauty
68,47.48,3239.35,10.71,4.5,1,Health_Beauty
39,172.77,6741.030000000001,3.0,3.2,2,Personal_Care
41,194.54,7981.379999999999,5.24,4.2,6,Personal_Care
42,128.45,5398.629999999999,3.73,3.6,2,Personal_Care
74,33.54,2488.81,6.85,4.1,10,Personal_Care
40,153.88,6162.62,7.42,3.7,7,Health_Beauty
48,115.88,5579.37,17.13,4.6,1,Personal_Care
32,187.77,6028.4800000000005,19.84,3.8,8,Pharma_OTC
65,129.72,8441.24,9.44,5.0,12,Health_Beauty
51,119.78,6111.91,3.13,3.3,2,Health_Beauty
60,71.39,4293.17,9.77,4.4,6,Pharma_OTC
56,86.51,4858.02,13.46,3.1,7,Pharma_OTC
59,52.11,3083.52,9.03,3.8,4,Personal_Care
69,24.36,1695.36,14.52,4.4,1,Health_Beauty
58,37.26,2179.96,18.88,3.2,4,Pharma_OTC
62,35.06,2176.84,3.12,3.8,7,Health_Beauty
43,189.49,8151.77,3.7,4.4,3,Health_Beauty
57,188.5,10762.03,17.53,4.1,11,Health_Beauty
57,96.7,5514.160000000001,2.26,4.6,9,Personal_Care
66,15.55,1031.6,5.3,3.4,1,Health_Beauty
57,91.64,5234.06,10.58,3.7,11,Personal_Care
68,96.51,6572.97,10.29,4.5,11,Health_Beauty
54,42.33,2289.9799999999996,4.16,3.5,4,Pharma_OTC
49,157.09,7702.15,4.74,4.9,6,Personal_Care
48,151.11,7257.070000000001,3.79,3.3,1,Personal_Care
37,180.24,6674.66,5.78,3.4,4,Personal_Care
44,110.37,4868.610000000001,12.33,3.2,10,Health_Beauty
58,137.02,7955.280000000001,8.12,4.3,8,Pharma_OTC
66,54.6,3610.71,7.11,3.1,6,Personal_Care
47,185.45,8726.81,10.66,3.9,12,Health_Beauty
74,19.54,1463.57,17.61,4.1,12,Personal_Care
54,197.77,10694.71,15.13,4.5,10,Personal_Care
33,185.04,6126.139999999999,19.82,3.7,8,Personal_Care
58,38.27,2223.5400000000004,3.88,3.9,3,Health_Beauty
61,98.93,6043.35,8.62,4.8,9,Health_Beauty
55,94.14,5189.66,11.96,4.3,10,Personal_Care
57,75.09,4282.64,2.51,3.4,6,Pharma_OTC
34,195.49,6664.639999999999,17.98,3.3,2,Health_Beauty
57,94.64,5397.490000000001,3.01,4.4,4,Health_Beauty
47,189.53,8920.67,12.76,4.0,11,Personal_Care
71,104.57,7441.349999999999,16.88,4.5,11,Personal_Care
39,193.78,7563.46,6.04,3.7,11,Health_Beauty
62,48.61,3026.4,12.58,4.2,1,Personal_Care
61,65.16,3989.52,14.76,4.0,8,Personal_Care
39,158.84,6208.42,13.66,3.9,8,Health_Beauty
55,86.67,4779.400000000001,12.55,3.4,12,Personal_Care
35,154.84,5437.670000000001,18.27,3.1,3,Health_Beauty
44,109.35,4829.95,18.55,3.5,5,Health_Beauty
54,72.55,3925.9199999999996,8.22,3.2,3,Pharma_OTC
54,177.66,9600.51,6.87,4.3,5,Pharma_OTC
52,145.07,7560.799999999999,17.16,4.5,2,Pharma_OTC
37,174.86,6487.490000000001,17.67,3.2,7,Pharma_OTC
56,36.42,2057.92,18.4,3.3,2,Health_Beauty
56,155.62,8728.670000000002,13.95,4.4,6,Health_Beauty
52,171.56,8935.03,13.91,3.6,5,Pharma_OTC
42,157.18,6603.59,2.03,4.1,4,Pharma_OTC
50,117.86,5910.04,17.04,4.8,1,Pharma_OTC
49,144.57,7101.8099999999995,17.88,4.0,1,Personal_Care
48,166.92,8020.33,8.17,4.9,5,Personal_Care
78,11.66,916.48,7.0,4.1,3,Health_Beauty
58,173.74,10088.1,11.18,4.2,11,Pharma_OTC
70,121.71,8523.939999999999,4.24,4.4,12,Personal_Care
42,147.89,6230.94,19.56,3.3,10,Pharma_OTC
64,30.78,1971.99,2.07,3.9,4,Pharma_OTC
72,13.24,962.78,9.5,4.6,5,Personal_Care
55,129.74,7151.150000000001,15.45,4.6,7,Personal_Care
54,86.13,4658.48,7.46,4.1,2,Pharma_OTC
49,155.25,7613.73,6.48,4.3,10,Personal_Care
41,174.26,7158.95,14.29,3.6,4,Health_Beauty
69,87.7,6069.34,18.04,4.8,3,Personal_Care
50,162.23,8121.939999999999,10.44,4.2,7,Personal_Care
78,48.29,3778.92,12.3,3.9,11,Personal_Care
46,190.39,8774.56,16.62,4.3,4,Health_Beauty
55,156.82,8637.210000000001,12.11,3.7,11,Pharma_OTC
43,106.16,4577.95,13.07,3.1,8,Personal_Care
54,77.27,4184.72,12.14,3.0,8,Health_Beauty
69,29.81,2072.5299999999997,15.64,3.9,6,Personal_Care
53,124.42,6609.77,15.51,3.1,5,Personal_Care
40,113.34,4553.21,19.61,3.2,8,Health_Beauty
27,188.46,5095.15,6.73,3.8,10,Pharma_OTC
33,186.96,6178.84,9.16,3.9,2,Pharma_OTC
44,164.56,7260.030000000001,19.39,3.7,5,Pharma_OTC
61,41.0,2507.37,6.37,3.6,8,Pharma_OTC
51,108.38,5530.89,3.51,3.3,4,Personal_Care
51,124.89,6375.87,6.48,4.2,6,Health_Beauty
33,175.66,5802.28,5.5,3.3,8,Pharma_OTC
48,139.89,6725.719999999999,11.0,4.7,3,Personal_Care
54,56.72,3073.32,10.44,3.3,1,Personal_Care
48,138.57,6653.46,2.1,3.5,7,Personal_Care
44,141.48,6231.44,6.32,3.5,5,Personal_Care
72,67.27,4858.639999999999,15.2,4.6,12,Pharma_OTC
61,30.39,1862.35,8.56,3.4,1,Personal_Care
39,182.16,7110.26,6.02,4.9,6,Health_Beauty
56,92.29,5188.110000000001,19.87,3.6,1,Pharma_OTC
75,43.37,3259.58,6.83,4.7,8,Pharma_OTC
43,184.16,7926.1,7.22,4.0,8,Pharma_OTC
78,10.79,848.8999999999999,7.28,4.7,12,Pharma_OTC
44,126.16,5553.09,2.05,3.2,2,Health_Beauty
38,121.9,4637.05,4.85,3.4,5,Personal_Care
54,68.53,3706.71,6.09,4.0,2,Pharma_OTC
43,151.42,6514.11,3.05,3.3,9,Personal_Care
52,113.45,5906.030000000001,6.63,3.2,1,Personal_Care
52,83.77,4372.76,16.72,3.3,3,Personal_Care
63,76.14,4807.24,10.42,4.9,10,Personal_Care
73,11.56,857.05,13.17,4.5,9,Health_Beauty
47,196.87,9262.789999999999,9.9,4.8,6,Health_Beauty
78,44.02,3446.51,12.95,3.5,11,Personal_Care
59,125.93,7448.2300000000005,18.36,4.8,11,Health_Beauty
70,118.68,8326.24,18.64,4.9,12,Health_Beauty
56,67.51,3799.5400000000004,18.98,3.8,5,Pharma_OTC
69,13.58,950.1,13.08,3.7,3,Personal_Care
66,13.86,926.87,12.11,4.2,7,Pharma_OTC
67,17.41,1173.29,6.82,4.1,1,Pharma_OTC
58,102.85,5968.089999999999,2.79,4.2,6,Personal_Care
51,171.22,8749.119999999999,16.9,3.9,5,Personal_Care
46,145.4,6702.06,13.66,3.2,4,Personal_Care
58,98.03,5694.78,9.04,4.7,3,Health_Beauty
54,119.2,6446.02,9.22,4.7,7,Pharma_OTC
69,46.42,3209.2,6.22,5.0,7,Health_Beauty
65,123.46,8031.799999999999,6.9,4.1,10,Health_Beauty
42,107.79,4535.38,8.2,3.0,10,Personal_Care
75,57.45,4328.32,19.57,4.4,11,Health_Beauty
58,98.42,5727.19,18.83,4.9,6,Pharma_OTC
53,135.07,7169.97,11.26,5.0,6,Health_Beauty
66,60.87,4033.9099999999994,16.49,3.7,7,Health_Beauty
59,10.57,639.46,15.83,3.4,6,Health_Beauty
52,80.11,4180.1,14.38,4.5,6,Personal_Care
67,60.42,4055.7000000000003,7.56,4.1,10,Personal_Care
67,28.21,1904.0900000000001,14.02,4.4,6,Health_Beauty
58,66.9,3889.86,9.66,3.6,10,Health_Beauty
58,17.51,1027.27,11.69,4.0,10,Health_Beauty
75,59.71,4492.38,14.13,4.9,10,Pharma_OTC
51,59.82,3063.2200000000003,12.4,4.0,8,Health_Beauty
57,52.01,2968.16,3.59,3.2,1,Pharma_OTC
61,82.35,5037.139999999999,13.79,4.8,1,Pharma_OTC
40,195.47,7826.28,7.48,4.1,6,Personal_Care
55,58.02,3200.3700000000003,9.27,3.9,9,Personal_Care
50,185.78,9304.79,15.79,4.5,11,Pharma_OTC
60,98.58,5921.78,6.98,4.6,5,Personal_Care
53,70.45,3752.3900000000003,18.54,3.4,3,Personal_Care
54,187.94,10165.11,16.35,4.8,11,Health_Beauty
66,10.48,706.32,14.64,4.3,8,Pharma_OTC
47,124.0,5844.55,16.55,3.5,3,Health_Beauty
54,148.75,8052.38,19.88,4.5,9,Personal_Care
59,122.78,7263.330000000001,19.31,4.4,1,Pharma_OTC
69,36.87,2558.5899999999997,14.56,4.6,1,Health_Beauty
73,23.86,1750.91,9.13,4.5,12,Pharma_OTC
58,74.97,4357.59,9.33,5.0,6,Pharma_OTC
40,189.56,7600.009999999999,17.61,4.5,8,Pharma_OTC
34,188.38,6420.26,15.34,3.6,10,Pharma_OTC
73,30.11,2204.31,6.28,4.4,9,Pharma_OTC
39,175.61,6860.830000000001,12.04,3.6,1,Health_Beauty
50,153.09,7660.9,6.4,4.5,5,Personal_Care
56,100.26,5633.8,19.24,3.8,2,Health_Beauty
40,146.99,5884.89,5.29,3.9,6,Pharma_OTC
64,52.23,3361.7099999999996,18.99,3.7,6,Pharma_OTC
69,20.93,1457.3000000000002,13.13,4.7,5,Health_Beauty
74,26.25,1953.27,10.77,4.0,11,Health_Beauty
68,51.72,3533.09,16.13,4.1,11,Personal_Care
61,103.94,6350.3,9.96,3.5,11,Personal_Care
39,168.86,6591.330000000001,5.79,3.7,6,Pharma_OTC
52,100.99,5259.37,7.89,3.7,3,Pharma_OTC
68,181.26,12327.73,2.05,4.3,12,Health_Beauty
64,45.37,2911.97,8.29,4.4,5,Pharma_OTC
65,49.46,3224.06,9.16,4.5,9,Personal_Care
60,57.82,3475.5299999999997,6.33,4.1,8,Personal_Care
50,163.58,8192.69,13.69,4.1,4,Health_Beauty
62,43.82,2735.7000000000003,18.86,4.1,9,Personal_Care
61,181.03,11062.22,19.39,4.8,12,Health_Beauty
60,76.35,4600.07,19.07,3.7,5,Personal_Care
51,158.56,8105.13,18.57,4.4,3,Health_Beauty
67,90.46,6074.5599999999995,13.74,4.5,2,Pharma_OTC
66,82.91,5480.169999999999,8.11,5.0,5,Pharma_OTC
69,11.78,817.7399999999999,4.92,4.2,9,Health_Beauty
63,49.91,3161.38,17.05,3.6,4,Pharma_OTC
55,186.56,10275.05,14.25,4.8,12,Personal_Care
49,162.08,7954.900000000001,12.98,4.0,2,Pharma_OTC
51,164.58,8409.85,16.27,3.8,1,Personal_Care
56,63.39,3552.6200000000003,2.78,3.6,2,Pharma_OTC
58,140.09,8137.34,12.12,4.6,7,Health_Beauty
53,134.32,7126.34,7.38,3.5,1,Personal_Care
55,106.03,5837.179999999999,5.53,4.2,10,Health_Beauty
47,107.9,5075.4800000000005,4.18,4.8,5,Personal_Care
64,111.18,7129.790000000001,14.27,4.3,12,Personal_Care
77,30.21,2329.82,3.65,5.0,3,Health_Beauty
66,108.54,7182.200000000001,18.56,4.1,12,Pharma_OTC
57,81.3,4637.3099999999995,3.21,3.5,9,Personal_Care
44,111.23,4904.16,10.04,3.4,4,Health_Beauty
67,118.31,7937.77,11.0,4.2,12,Pharma_OTC
60,147.0,8825.39,5.39,4.1,12,Pharma_OTC
61,52.09,3190.2500000000005,12.76,4.3,3,Pharma_OTC
69,64.07,4433.92,13.09,4.3,6,Health_Beauty
63,46.1,2908.7000000000003,4.4,3.4,2,Health_Beauty
65,30.84,2013.04,8.44,3.7,5,Personal_Care
63,40.05,2528.4799999999996,5.33,4.2,6,Health_Beauty
80,47.18,3793.2400000000002,18.84,4.9,11,Personal_Care
51,120.79,6178.46,18.17,3.6,1,Personal_Care
57,157.96,9007.480000000001,3.76,4.1,11,Health_Beauty
49,118.95,5836.39,7.84,3.9,9,Personal_Care
71,47.05,3352.1,11.55,4.1,2,Pharma_OTC
53,181.03,9600.04,5.45,3.9,12,Personal_Care
39,119.53,4680.35,18.68,3.5,5,Personal_Care
61,131.85,8055.5199999999995,12.67,4.9,12,Health_Beauty
54,164.8,8907.78,8.58,3.7,3,Health_Beauty
53,137.95,7328.249999999999,16.9,3.7,7,Personal_Care
71,38.01,2709.69,10.98,3.5,5,Health_Beauty
46,169.88,7825.4,10.92,3.6,10,Health_Beauty
57,70.91,4058.67,16.8,4.4,7,Personal_Care
47,197.68,9296.79,5.83,4.7,12,Pharma_OTC
32,199.48,6400.12,16.76,3.2,9,Pharma_OTC
45,166.07,7485.339999999999,12.19,4.3,6,Pharma_OTC
74,63.1,4686.9400000000005,17.54,4.9,11,Personal_Care
52,124.16,6460.28,3.96,4.3,10,Health_Beauty
60,16.3,987.14,9.14,3.3,2,Pharma_OTC
58,96.14,5594.69,18.57,4.2,8,Personal_Care
76,13.45,1036.82,14.62,4.3,11,Pharma_OTC
51,193.23,9859.89,5.16,4.4,11,Pharma_OTC
52,49.06,2556.99,5.87,4.0,5,Pharma_OTC
68,33.42,2289.27,16.71,4.4,4,Personal_Care
60,52.86,3184.87,13.27,3.6,7,Personal_Care
60,94.9,5701.84,7.84,4.4,6,Health_Beauty
41,139.47,5737.709999999999,19.44,3.0,10,Personal_Care
70,46.96,3294.34,7.14,4.2,5,Health_Beauty
47,180.34,8484.27,8.29,5.0,6,Pharma_OTC
64,144.87,9273.78,2.1,4.2,11,Health_Beauty
52,59.6,3117.4900000000002,18.29,3.2,7,Pharma_OTC
60,79.21,4755.589999999999,2.99,4.0,2,Pharma_OTC
43,186.37,8020.49,6.58,4.7,8,Health_Beauty
72,37.05,2673.06,5.46,3.7,11,Pharma_OTC
57,144.94,8270.8,9.22,4.2,9,Personal_Care
51,136.6,6972.679999999999,6.08,3.4,6,Pharma_OTC
63,43.12,2726.93,10.37,4.7,4,Personal_Care
58,76.93,4464.820000000001,2.88,4.7,3,Pharma_OTC
64,42.76,2741.66,5.02,3.5,5,Personal_Care
71,108.11,7679.56,3.75,4.0,11,Personal_Care
46,194.36,8943.090000000002,2.53,4.0,4,Health_Beauty
77,24.61,1913.41,18.44,3.7,11,Health_Beauty
35,182.94,6410.24,7.34,3.4,10,Personal_Care
60,112.11,6729.740000000001,3.14,4.3,6,Pharma_OTC
55,138.65,7644.81,19.06,4.8,8,Pharma_OTC
54,105.44,5703.58,9.82,3.2,9,Personal_Care
42,188.15,7916.03,13.73,3.2,6,Health_Beauty
68,137.68,9380.01,17.77,4.5,11,Pharma_OTC
57,108.59,6206.6,16.97,4.5,7,Personal_Care
55,134.42,7406.49,13.39,4.9,6,Personal_Care
46,169.52,7813.2300000000005,15.31,4.4,9,Personal_Care
60,88.65,5329.29,10.29,4.2,9,Pharma_OTC
40,188.82,7569.949999999999,17.15,3.5,5,Health_Beauty
56,65.86,3702.7599999999998,14.6,3.4,5,Pharma_OTC
60,104.08,6251.99,7.19,3.1,3,Health_Beauty
65,34.59,2259.78,11.43,4.0,8,Health_Beauty
59,73.41,4347.54,16.35,4.9,6,Personal_Care
66,64.5,4276.15,19.15,4.7,5,Pharma_OTC
64,166.65,10674.33,8.73,4.5,11,Personal_Care
77,27.56,2127.18,5.06,4.5,8,Health_Beauty
68,23.36,1600.77,12.29,4.6,7,Personal_Care
74,74.25,5501.34,6.84,4.9,5,Health_Beauty
55,156.48,8619.01,12.61,4.9,6,Personal_Care
60,105.27,6331.62,15.42,3.4,2,Health_Beauty
50,117.19,5867.31,7.81,4.2,3,Health_Beauty
63,93.58,5905.0,9.46,5.0,10,Health_Beauty
39,195.16,7623.57,12.33,4.7,5,Pharma_OTC
48,111.29,5358.87,16.95,3.3,1,Personal_Care
39,195.36,7627.160000000001,8.12,3.3,3,Health_Beauty
40,187.34,7513.6,20.0,3.8,9,Personal_Care
47,177.92,8380.26,18.02,3.0,12,Personal_Care
62,102.93,6396.490000000001,14.83,4.2,12,Personal_Care
42,199.1,8380.199999999999,18.0,4.6,4,Health_Beauty
57,101.17,5775.070000000001,8.38,4.4,4,Health_Beauty
48,126.6,6096.589999999999,19.79,4.5,9,Pharma_OTC
34,163.01,5549.64,7.3,3.5,8,Pharma_OTC
49,121.1,5942.639999999999,8.74,3.3,1,Personal_Care
51,164.19,8385.060000000001,11.37,3.8,11,Pharma_OTC
83,26.2,2187.7599999999998,13.16,4.4,11,Health_Beauty
51,109.98,5624.570000000001,15.59,3.2,5,Personal_Care
65,18.28,1197.44,9.24,4.6,6,Health_Beauty
65,46.44,3035.47,16.87,4.0,7,Health_Beauty
56,72.87,4098.45,17.73,4.9,7,Personal_Care
49,140.73,6906.0199999999995,10.25,3.9,2,Personal_Care
66,21.57,1436.13,12.51,3.5,5,Health_Beauty
47,167.9,7906.54,15.24,3.4,7,Health_Beauty
35,195.22,6837.75,5.05,3.2,3,Pharma_OTC
70,61.49,4313.95,9.65,4.1,12,Health_Beauty
61,35.0,2138.04,3.04,3.6,5,Pharma_OTC
52,109.91,5727.0,11.68,3.3,3,Personal_Care
53,139.98,7435.2699999999995,16.33,4.6,11,Health_Beauty
43,156.54,6734.86,3.64,4.1,7,Personal_Care
42,160.73,6762.68,12.02,3.7,7,Health_Beauty
46,129.37,5956.84,5.82,3.4,8,Personal_Care
46,148.53,6842.12,9.74,3.5,9,Pharma_OTC
64,127.4,8170.02,16.42,4.0,1,Health_Beauty
59,94.85,5608.23,12.08,4.9,4,Personal_Care
70,47.82,3352.4500000000003,5.05,4.9,2,Health_Beauty
57,61.61,3530.82,19.05,4.6,8,Health_Beauty
55,69.49,3824.7599999999998,2.81,4.4,1,Personal_Care
47,185.04,8711.089999999998,14.21,5.0,8,Health_Beauty
46,157.3,7248.04,12.24,3.5,6,Personal_Care
73,12.15,895.9100000000001,8.96,4.3,7,Personal_Care
54,173.06,9357.289999999999,12.05,5.0,9,Personal_Care
37,153.9,5698.75,4.45,3.4,3,Pharma_OTC
47,185.12,8715.949999999999,15.31,4.9,11,Personal_Care
42,160.7,6752.089999999999,2.69,3.2,4,Pharma_OTC
62,68.99,4282.2300000000005,4.85,4.3,10,Personal_Care
56,80.18,4508.05,17.97,4.1,3,Pharma_OTC
73,19.16,1412.15,13.47,4.7,1,Pharma_OTC
30,158.3,4756.36,7.36,3.0,2,Pharma_OTC
72,82.64,5957.71,7.63,3.7,12,Personal_Care
56,112.07,6287.37,11.45,4.2,1,Pharma_OTC
42,188.27,7911.46,4.12,4.4,9,Pharma_OTC
50,90.34,4521.88,4.88,4.3,3,Pharma_OTC
50,96.4,4836.39,16.39,3.5,2,Personal_Care
50,162.0,8113.27,13.27,4.0,5,Health_Beauty
62,142.98,8877.33,12.57,4.5,11,Health_Beauty
58,41.17,2404.94,17.08,3.7,4,Personal_Care
60,149.25,8963.05,8.05,4.6,5,Personal_Care
72,20.03,1454.8400000000001,12.68,3.1,8,Health_Beauty
49,166.09,8153.62,15.21,4.3,12,Pharma_OTC
39,173.15,6755.400000000001,2.55,3.5,10,Health_Beauty
47,122.12,5755.25,15.61,3.4,5,Health_Beauty
39,183.58,7165.200000000001,5.58,3.5,1,Health_Beauty
61,57.81,3538.5200000000004,12.11,3.0,8,Personal_Care
75,19.49,1467.2499999999998,5.5,3.5,11,Health_Beauty
44,157.92,6960.169999999999,11.69,4.3,2,Personal_Care
54,161.94,8762.99,18.23,4.8,9,Health_Beauty
51,144.93,7397.820000000001,6.39,4.4,7,Personal_Care
41,148.35,6093.45,11.1,3.0,5,Personal_Care
48,167.63,8056.7,10.46,4.3,7,Personal_Care
63,85.12,5369.570000000001,7.01,4.7,6,Health_Beauty
46,113.62,5235.17,8.65,3.3,5,Health_Beauty
57,153.54,8757.329999999998,5.55,4.9,1,Personal_Care
56,117.79,6601.820000000001,5.58,4.9,2,Health_Beauty
66,32.76,2178.72,16.56,3.9,12,Pharma_OTC
44,156.03,6881.91,16.59,3.2,7,Pharma_OTC
66,84.2,5574.889999999999,17.69,5.0,10,Health_Beauty
65,34.13,2234.32,15.87,4.0,8,Pharma_OTC
56,120.47,6753.25,6.93,4.3,11,Personal_Care
58,98.93,5752.500000000001,14.56,4.6,6,Pharma_OTC
81,34.89,2840.65,14.56,3.8,12,Health_Beauty
30,175.82,5289.16,14.56,3.2,5,Pharma_OTC
53,46.88,2489.9700000000003,5.33,3.4,10,Personal_Care
59,80.1,4735.2,9.3,3.9,5,Pharma_OTC
54,83.33,4510.08,10.26,3.4,8,Health_Beauty
67,71.63,4804.02,4.81,4.9,3,Personal_Care
27,196.92,5329.579999999999,12.74,3.4,7,Health_Beauty
41,176.05,7227.89,9.84,4.9,2,Personal_Care
48,148.7,7155.179999999999,17.58,4.5,1,Pharma_OTC
44,173.41,7644.06,14.02,3.5,6,Pharma_OTC
52,159.9,8324.77,9.97,4.3,9,Pharma_OTC
47,138.27,6517.120000000001,18.43,3.1,1,Pharma_OTC
60,22.97,1389.4699999999998,11.27,3.3,2,Pharma_OTC
40,177.82,7127.889999999999,15.09,3.7,1,Personal_Care
56,185.36,10399.49,19.33,4.7,11,Pharma_OTC
41,197.97,8119.24,2.47,4.0,6,Personal_Care
48,124.8,6010.379999999999,19.98,3.9,9,Health_Beauty
48,123.48,5930.5,3.46,3.4,5,Health_Beauty
60,55.61,3339.47,2.87,3.7,2,Personal_Care
43,165.06,7112.12,14.54,3.1,9,Pharma_OTC
45,184.22,8292.84,2.94,4.1,4,Personal_Care
88,12.11,1067.9099999999999,2.23,3.2,12,Personal_Care
76,31.15,2385.09,17.69,4.8,1,Pharma_OTC
64,98.71,6330.71,13.27,4.1,5,Pharma_OTC
46,176.17,8109.98,6.16,4.2,1,Pharma_OTC
58,70.29,4087.06,10.24,3.3,2,Health_Beauty
48,147.36,7075.870000000001,2.59,4.2,7,Personal_Care
63,15.01,952.83,7.2,3.0,4,Health_Beauty
49,104.1,5114.91,14.01,3.2,6,Health_Beauty
40,178.36,7141.63,7.23,3.8,11,Health_Beauty
48,135.7,6522.91,9.31,4.4,1,Pharma_OTC
70,16.3,1159.06,18.06,4.1,4,Pharma_OTC
55,138.1,7613.08,17.58,4.9,11,Personal_Care
43,156.9,6758.87,12.17,3.9,4,Personal_Care
40,172.2,6905.48,17.48,4.4,6,Personal_Care
54,69.64,3768.48,7.92,4.4,8,Health_Beauty
73,31.92,2349.3300000000004,19.17,3.9,8,Pharma_OTC
48,169.85,8163.469999999999,10.67,3.9,7,Personal_Care
56,117.75,6597.98,3.98,3.6,10,Health_Beauty
42,185.23,7794.9,15.24,3.8,3,Personal_Care
63,18.13,1148.7899999999997,6.6,4.8,3,Health_Beauty
43,190.86,8225.100000000002,18.12,4.3,7,Personal_Care
57,67.59,3862.86,10.23,3.0,8,Personal_Care
70,41.32,2895.62,3.22,4.7,2,Pharma_OTC
62,102.13,6345.389999999999,13.33,4.4,8,Personal_Care
62,92.73,5754.56,5.3,3.1,11,Pharma_OTC
42,196.07,8253.060000000001,18.12,3.2,12,Personal_Care
49,170.66,8374.47,12.13,3.4,11,Health_Beauty
68,18.72,1280.49,7.53,4.1,5,Health_Beauty
54,127.74,6903.55,5.59,3.4,1,Pharma_OTC
79,100.92,7977.2300000000005,4.55,4.6,12,Pharma_OTC
76,59.04,4498.69,11.65,5.0,2,Pharma_OTC
50,105.51,5288.02,12.52,4.4,4,Health_Beauty
49,125.66,6163.92,6.58,3.0,1,Health_Beauty
49,140.97,6927.259999999999,19.73,4.7,1,Health_Beauty
48,122.96,5908.82,6.74,4.8,1,Personal_Care
57,61.81,3528.33,5.16,3.5,6,Personal_Care
31,136.01,4234.929999999999,18.62,3.5,8,Pharma_OTC
50,143.25,7179.79,17.29,3.3,3,Personal_Care
75,28.54,2155.43,14.93,4.3,11,Personal_Care
62,12.9,814.3100000000001,14.51,4.0,1,Pharma_OTC
44,139.19,6137.049999999999,12.69,3.0,1,Pharma_OTC
60,48.18,2903.21,12.41,4.3,5,Pharma_OTC
68,27.34,1869.9799999999998,10.86,4.7,3,Health_Beauty
52,131.36,6843.500000000001,12.78,3.3,6,Personal_Care
47,190.15,8954.640000000001,17.59,4.9,10,Pharma_OTC
48,116.58,5599.08,3.24,3.2,2,Personal_Care
65,79.99,5214.48,15.13,4.7,8,Health_Beauty
45,182.97,8246.44,12.79,4.6,8,Pharma_OTC
57,32.81,1874.54,4.37,3.0,10,Personal_Care
52,86.26,4496.84,11.32,3.9,1,Pharma_OTC
59,80.79,4779.380000000001,12.77,3.6,4,Pharma_OTC
47,146.98,6924.719999999999,16.66,3.3,9,Pharma_OTC
68,145.73,9917.64,8.0,4.7,12,Personal_Care
56,118.8,6664.59,11.79,4.3,4,Health_Beauty
60,134.73,8096.079999999999,12.28,4.5,11,Personal_Care
53,171.35,9089.47,7.92,4.9,4,Pharma_OTC
64,107.07,6872.009999999999,19.53,4.9,11,Health_Beauty
63,35.15,2219.3199999999997,4.87,3.1,6,Personal_Care
63,38.55,2447.5599999999995,18.91,3.4,7,Health_Beauty
66,41.87,2775.0499999999997,11.63,4.0,9,Personal_Care
60,10.19,617.04,5.64,3.8,10,Pharma_OTC
62,31.18,1946.8400000000001,13.68,3.2,8,Health_Beauty
49,125.98,6188.360000000001,15.34,4.1,9,Pharma_OTC
64,91.17,5844.42,9.54,3.2,11,Health_Beauty
51,113.18,5790.84,18.66,4.1,10,Health_Beauty
42,154.04,6480.4,10.72,3.2,9,Personal_Care
64,92.19,5907.87,7.71,4.7,11,Pharma_OTC
56,104.59,5868.63,11.59,4.7,7,Pharma_OTC
48,131.97,6341.98,7.42,4.4,4,Health_Beauty
45,169.96,7660.1,11.9,4.2,6,Personal_Care
46,149.85,6907.089999999999,13.99,4.0,4,Health_Beauty
73,28.68,2112.81,19.17,4.8,10,Health_Beauty
60,50.92,3071.9700000000003,16.77,3.4,5,Health_Beauty
45,198.25,8937.48,16.23,3.2,8,Personal_Care
52,92.51,4824.81,14.29,4.3,6,Pharma_OTC
70,119.96,8405.23,8.03,3.7,12,Health_Beauty
58,14.18,828.0699999999999,5.63,3.5,3,Personal_Care
42,179.22,7545.44,18.2,4.0,1,Pharma_OTC
49,109.75,5384.73,6.98,4.6,2,Pharma_OTC
62,44.67,2776.07,6.53,4.6,9,Pharma_OTC
45,158.97,7160.879999999999,7.23,3.7,1,Personal_Care
58,158.66,9220.02,17.74,4.8,3,Pharma_OTC
47,162.27,7639.09,12.4,3.2,12,Personal_Care
69,40.91,2835.87,13.08,4.9,8,Health_Beauty
68,125.49,8536.52,3.2,4.8,12,Pharma_OTC
70,64.36,4524.82,19.62,4.4,2,Pharma_OTC
54,80.65,4369.3,14.2,3.5,4,Pharma_OTC
67,84.27,5664.38,18.29,4.1,10,Personal_Care
44,170.22,7491.990000000001,2.31,3.3,12,Health_Beauty
54,79.05,4273.8099999999995,5.11,3.4,4,Personal_Care
45,176.15,7938.34,11.59,3.6,4,Health_Beauty
50,120.26,6027.93,14.93,4.9,7,Health_Beauty
59,69.42,4101.46,5.68,4.1,5,Health_Beauty
47,182.97,8607.74,8.15,4.4,3,Health_Beauty
58,75.22,4380.13,17.37,4.5,4,Health_Beauty
66,93.12,6165.61,19.69,4.4,11,Personal_Care
61,13.59,847.3100000000001,18.32,4.3,8,Health_Beauty
57,58.07,3316.26,6.27,3.3,1,Personal_Care
57,74.45,4246.250000000001,2.6,4.9,4,Pharma_OTC
62,90.35,5609.99,8.29,4.9,3,Health_Beauty
63,104.84,6624.75,19.83,4.8,2,Personal_Care
42,190.07,7988.33,5.39,4.5,4,Personal_Care
63,42.44,2678.08,4.36,3.3,10,Personal_Care
56,157.93,8857.25,13.17,4.5,10,Personal_Care
52,140.8,7328.29,6.69,3.6,2,Pharma_OTC
44,135.21,5959.360000000001,10.12,3.5,5,Health_Beauty
52,91.01,4738.88,6.36,3.9,5,Personal_Care
51,114.71,5864.3,14.09,3.2,10,Pharma_OTC
50,132.7,6649.669999999999,14.67,3.7,2,Personal_Care
85,44.49,3786.88,5.23,4.5,12,Pharma_OTC
65,11.5,753.08,5.58,3.1,4,Personal_Care
58,47.17,2745.9700000000003,10.11,3.3,6,Personal_Care
59,65.67,3879.75,5.22,4.0,2,Health_Beauty
37,199.69,7397.0199999999995,8.49,3.7,4,Pharma_OTC
39,191.3,7466.110000000001,5.41,3.7,5,Personal_Care
38,195.79,7444.969999999999,4.95,4.5,6,Health_Beauty
42,187.26,7872.36,7.44,4.4,3,Personal_Care
50,103.21,5172.14,11.64,3.2,4,Pharma_OTC
45,197.66,8907.04,12.34,4.4,2,Personal_Care
51,73.74,3778.4599999999996,17.72,3.7,2,Personal_Care
48,148.23,7129.819999999999,14.78,4.0,9,Pharma_OTC
60,51.4,3088.79,4.79,4.0,4,Pharma_OTC
50,83.16,4163.93,5.93,3.6,5,Personal_Care
50,184.5,9228.01,3.01,4.4,4,Health_Beauty
46,192.62,8864.470000000001,3.95,3.4,12,Pharma_OTC
71,85.51,6085.68,14.47,4.7,1,Health_Beauty
72,13.93,1005.19,2.23,4.7,7,Personal_Care
48,127.76,6144.71,12.23,3.2,7,Personal_Care
44,134.5,5922.96,4.96,3.1,8,Personal_Care
59,49.18,2909.08,7.46,3.6,9,Pharma_OTC
54,104.0,5620.98,4.98,3.8,10,Pharma_OTC
64,74.04,4757.84,19.28,3.0,2,Personal_Care
51,164.35,8388.26,6.41,3.4,11,Pharma_OTC
73,16.96,1240.42,2.34,3.8,4,Personal_Care
49,134.18,6585.670000000001,10.85,4.5,10,Health_Beauty
46,161.97,7467.54,16.92,4.4,6,Personal_Care
55,45.92,2544.16,18.56,3.6,4,Personal_Care
48,172.64,8297.929999999998,11.21,4.0,7,Pharma_OTC
57,86.69,4958.67,17.34,3.9,6,Pharma_OTC
79,33.06,2614.07,2.33,3.8,11,Pharma_OTC
41,147.72,6071.23,14.71,4.1,7,Personal_Care
70,43.27,3039.71,10.81,4.7,1,Personal_Care
70,23.01,1626.76,16.06,4.9,8,Personal_Care
47,149.49,7033.9800000000005,7.95,4.3,2,Health_Beauty
47,152.15,7157.46,6.41,3.1,11,Pharma_OTC
65,42.83,2787.62,3.67,3.1,6,Pharma_OTC
71,74.84,5319.79,6.15,4.8,11,Personal_Care
63,96.03,6059.6,9.71,5.0,11,Health_Beauty
40,179.28,7185.5199999999995,14.32,4.6,8,Personal_Care
32,182.92,5862.5,9.06,3.4,8,Personal_Care
60,118.25,7108.84,13.84,4.8,3,Health_Beauty
65,54.63,3564.4600000000005,13.51,4.1,7,Pharma_OTC
